,1.5478,11.183,69.849,1.4429,1.0406
,1.5478,11.183,69.849,1.4429,1.0406
,1.5478,11.183,69.849,1.4429,1.0406
,1.6093,11.253,70.414,1.4514,1.0686
,1.6367,11.265,70.648,1.4529,1.0898
,1.6594,11.655,73.387,1.5034,1.1058
,1.6726,11.82,73.802,1.5243,1.1194
,1.6761,11.863,73.688,1.5293,1.1176
,1.6761,11.863,73.688,1.5293,1.1176
,1.6761,11.863,73.688,1.5293,1.1176
,1.6754,11.597,73.049,1.4955,1.1166
,1.6306,11.288,71.207,1.4554,1.0975
,1.6251,11.249,70.491,1.4503,1.101
,1.6423,11.326,71.19,1.4594,1.1153
,1.6713,11.579,72.415,1.4922,1.1245
,1.6713,11.579,72.415,1.4922,1.1245
,1.6713,11.579,72.415,1.4922,1.1245
,1.6372,11.305,70.842,1.4571,1.1053
,1.5903,10.775,68.24,1.3887,1.074
,1.573,10.672,67.686,1.3755,1.0654
,1.5926,10.671,67.285,1.3753,1.0592
,1.5932,10.572,67.008,1.3631,1.0653
,1.5932,10.572,67.008,1.3631,1.0653
,1.5932,10.572,67.008,1.3631,1.0653
,1.5999,10.728,67.155,1.3827,1.0644
,1.6058,10.93,68.708,1.4087,1.0693
,1.6353,11.095,69.965,1.43,1.0785
,1.6422,11.087,69.64,1.4294,1.0902
,1.6563,11.071,69.5,1.4274,1.1138
,1.6563,11.071,69.5,1.4274,1.1138
,1.6563,11.071,69.5,1.4274,1.1138
,1.6463,10.954,68.705,1.4125,1.107
,1.65,11.034,68.877,1.4231,1.1075
,1.6735,11.167,69.944,1.4401,1.1235
,1.6992,11.329,71.1,1.4612,1.139
,1.7243,11.398,71.322,1.4698,1.1486
,1.7243,11.398,71.322,1.4698,1.1486
,1.7243,11.398,71.322,1.4698,1.1486
,1.729,11.58,72.582,1.4935,1.1481
,1.7171,11.461,71.946,1.4784,1.1401
,1.6636,11.143,69.951,1.4376,1.1111
,1.6484,11.017,69.054,1.4212,1.1074
,1.6887,11.244,70.231,1.4503,1.131
,1.6887,11.244,70.231,1.4503,1.131
,1.6887,11.244,70.231,1.4503,1.131
,1.6638,11.065,69.383,1.4271,1.1179
,1.6736,11.068,70.564,1.4274,1.1298
,1.6722,11.042,70.74,1.4239,1.1305
,1.6913,11.166,71.546,1.44,1.1334
,1.6936,11.082,70.923,1.4292,1.1351
,1.6936,11.082,70.923,1.4292,1.1351
,1.6936,11.082,70.923,1.4292,1.1351
,1.6979,11.301,72.626,1.4576,1.139
,1.683,11.249,72.422,1.4508,1.1368
,1.6713,11.167,71.781,1.4402,1.1256
,1.6659,11.119,72.271,1.4341,1.122
,1.6617,10.979,72.302,1.4157,1.1197
,1.6617,10.979,72.302,1.4157,1.1197
,1.6617,10.979,72.302,1.4157,1.1197
,1.6578,10.937,73.16,1.4101,1.1194
,1.6551,10.926,73.19,1.4083,1.1164
,1.6605,10.944,72.683,1.4104,1.1233
,1.6584,10.941,73.006,1.4102,1.1232
,1.6446,11.031,73.524,1.4222,1.1236
,1.6446,11.031,73.524,1.4222,1.1236
,1.6446,11.031,73.524,1.4222,1.1236
,1.6095,10.693,71.511,1.3786,1.0972
,1.5892,10.743,71.415,1.3851,1.0835
,1.5961,10.715,70.679,1.3815,1.0805
,1.6357,10.649,71.257,1.3732,1.0743
,1.6659,10.852,72.076,1.3997,1.0846
,1.6659,10.852,72.076,1.3997,1.0846
,1.6659,10.852,72.076,1.3997,1.0846
,1.6752,10.984,72.822,1.4168,1.0863
,1.6543,10.829,71.813,1.3969,1.0793
,1.6326,10.839,71.711,1.3981,1.0648
,1.6358,11.268,73.13,1.4536,1.0633
,1.6276,11.177,72.929,1.4422,1.0644
,1.6276,11.177,72.929,1.4422,1.0644
,1.6276,11.177,72.929,1.4422,1.0644
,1.6462,11.303,73.489,1.4587,1.0759
,1.6584,11.371,74.417,1.4672,1.0862
,1.6478,11.315,73.978,1.46,1.082
,1.6387,11.226,73.257,1.4606,1.0734
,1.6359,11.098,72.518,1.4319,1.077
,1.6359,11.098,72.518,1.4319,1.077
,1.6359,11.098,72.518,1.4319,1.077
,1.6316,11.005,73.15,1.42,1.0763
,1.6278,11.081,72.402,1.4297,1.0743
,1.6409,11.152,72.762,1.4388,1.0862
,1.6716,11.369,73.862,1.467,1.0954
,1.6756,11.442,73.938,1.4764,1.0997
,1.6756,11.442,73.938,1.4764,1.0997
,1.6756,11.442,73.938,1.4764,1.0997
,1.6844,11.557,74.547,1.4909,1.1047
,1.676,11.352,73.258,1.4646,1.1049
,1.6868,11.402,73.838,1.4712,1.1119
,1.6873,11.375,73.358,1.4676,1.1057
,1.6873,11.375,73.358,1.4676,1.1057
,1.6873,11.375,73.358,1.4676,1.1057
,1.6873,11.375,73.358,1.4676,1.1057
,1.6873,11.375,73.358,1.4676,1.1057
,1.6995,11.541,73.826,1.4892,1.1217
,1.7118,11.574,74.183,1.4934,1.1337
,1.7081,11.548,74.142,1.4901,1.1292
,1.7238,11.464,73.751,1.4792,1.1328
,1.7238,11.464,73.751,1.4792,1.1328
,1.7238,11.464,73.751,1.4792,1.1328
,1.7057,11.296,73.137,1.4575,1.1241
,1.7009,11.279,73.454,1.4553,1.1254
,1.7024,11.297,73.364,1.4577,1.1259
,1.6871,11.278,72.664,1.4552,1.1151
,1.6669,11.319,72.695,1.4605,1.1038
,1.6669,11.319,72.695,1.4605,1.1038
,1.6669,11.319,72.695,1.4605,1.1038
,1.6739,11.293,73.217,1.4571,1.1102
,1.689,11.309,73.715,1.4592,1.1232
,1.6761,11.44,73.854,1.4761,1.1127
,1.6865,11.516,74.172,1.486,1.1194
,1.6865,11.516,74.172,1.486,1.1194
,1.6865,11.516,74.172,1.486,1.1194
,1.6865,11.516,74.172,1.486,1.1194
,1.6964,11.518,74.178,1.4862,1.124
,1.7059,11.725,74.587,1.5129,1.1288
,1.7029,11.652,74.556,1.5034,1.1285
,1.7143,11.706,74.163,1.5105,1.1303
,1.7,11.681,74.281,1.5072,1.1227
,1.7,11.681,74.281,1.5072,1.1227
,1.7,11.681,74.281,1.5072,1.1227
,1.6756,11.707,74.789,1.5106,1.1128
,1.6888,11.87,75.533,1.5316,1.1193
,1.673,11.734,75.261,1.514,1.1114
,1.6761,11.704,75.072,1.5102,1.1135
,1.687,11.767,74.979,1.518,1.123
,1.687,11.767,74.979,1.518,1.123
,1.687,11.767,74.979,1.518,1.123
,1.7127,11.854,73.227,1.5291,1.1331
,1.7223,11.998,73.965,1.5479,1.1371
,1.7136,12.025,73.553,1.5511,1.133
,1.7263,12.145,74.072,1.5667,1.1377
,1.7329,12.335,74.96,1.5912,1.1388
,1.7329,12.335,74.96,1.5912,1.1388
,1.7329,12.335,74.96,1.5912,1.1388
,1.7242,12.336,75.286,1.5915,1.136
,1.7288,12.307,75.986,1.5877,1.1416
,1.7385,12.379,76.115,1.5967,1.1486
,1.7376,12.348,75.825,1.5926,1.1494
,1.7331,12.518,76.098,1.6151,1.1456
,1.7331,12.518,76.098,1.6151,1.1456
,1.7331,12.518,76.098,1.6151,1.1456
,1.7442,12.699,76.937,1.6382,1.1521
,1.7495,12.757,77.372,1.6456,1.1558
,1.7652,12.81,77.769,1.6526,1.1632
,1.7408,12.574,76.574,1.6222,1.1509
,1.7278,12.499,75.968,1.6125,1.1374
,1.7278,12.499,75.968,1.6125,1.1374
,1.7278,12.499,75.968,1.6125,1.1374
,1.7414,12.343,75.715,1.5921,1.1482
,1.756,12.535,76.797,1.6171,1.1585
,1.766,12.735,77.764,1.643,1.1651
,1.7774,12.728,78.186,1.6421,1.1755
,1.7684,12.713,78.079,1.6402,1.1712
,1.7684,12.713,78.079,1.6402,1.1712
,1.7684,12.713,78.079,1.6402,1.1712
,1.7835,12.67,78.004,1.6348,1.1804
,1.7862,12.759,78.364,1.6463,1.1853
,1.7714,12.587,77.937,1.624,1.1734
,1.7492,12.57,78.025,1.6218,1.1651
,1.7827,12.746,78.957,1.6446,1.1804
,1.7827,12.746,78.957,1.6446,1.1804
,1.7827,12.746,78.957,1.6446,1.1804
,1.7891,12.747,79.656,1.6448,1.1869
,1.7532,12.636,79.159,1.6304,1.1664
,1.7877,12.802,80.164,1.6518,1.1774
,1.7872,12.611,79.085,1.6272,1.1673
,1.788,12.788,79.366,1.65,1.1705
,1.788,12.788,79.366,1.65,1.1705
,1.788,12.788,79.366,1.65,1.1705
,1.7982,12.838,79.596,1.6565,1.1783
,1.7915,12.855,79.237,1.6587,1.1736
,1.7801,12.76,78.852,1.6463,1.168
,1.7771,12.7,78.57,1.6387,1.1665
,1.7785,12.68,78.336,1.6361,1.1679
,1.7785,12.68,78.336,1.6361,1.1679
,1.7785,12.68,78.336,1.6361,1.1679
,1.7647,12.506,78.385,1.6137,1.1612
,1.7575,12.578,78.275,1.6229,1.1577
,1.7529,12.456,78.573,1.6071,1.1561
,1.7568,12.599,79.183,1.6256,1.162
,1.7646,12.557,79.048,1.6202,1.1655
,1.7646,12.557,79.048,1.6202,1.1655
,1.7646,12.557,79.048,1.6202,1.1655
,1.7438,12.481,79.054,1.6104,1.1523
,1.7677,12.645,79.887,1.6315,1.1661
,1.7699,12.733,79.892,1.6428,1.166
,1.7639,12.747,80.05,1.6447,1.164
,1.7558,12.62,79.349,1.6283,1.1557
,1.7558,12.62,79.349,1.6283,1.1557
,1.7558,12.62,79.349,1.6283,1.1557
,1.767,12.811,79.68,1.6529,1.1627
,1.755,12.739,79.621,1.6437,1.1557
,1.7535,12.717,79.62,1.641,1.1563
,1.7643,12.797,80.005,1.6513,1.1605
,1.7551,12.717,79.143,1.6409,1.1534
,1.7551,12.717,79.143,1.6409,1.1534
,1.7551,12.717,79.143,1.6409,1.1534
,1.7609,12.78,79.426,1.649,1.1557
,1.7657,12.791,79.57,1.6503,1.1598
,1.7731,12.694,79.317,1.6379,1.1613
,1.7966,12.777,79.646,1.6486,1.1732
,1.7902,12.806,79.418,1.6524,1.1688
,1.7902,12.806,79.418,1.6524,1.1688
,1.7902,12.806,79.418,1.6524,1.1688
,1.7953,13.053,80.155,1.6843,1.1776
,1.8016,13.139,80.664,1.6953,1.1786
,1.8084,13.186,80.68,1.7014,1.1807
,1.7938,13.065,80.245,1.6858,1.1732
,1.7845,12.988,80.047,1.6758,1.1673
,1.7845,12.988,80.047,1.6758,1.1673
,1.7845,12.988,80.047,1.6758,1.1673
,1.7978,12.896,79.55,1.6639,1.1716
,1.7825,12.79,79.147,1.6503,1.165
,1.777,12.776,79.722,1.6483,1.1633
,1.7851,12.902,80,1.6646,1.1646
,1.7719,12.858,80.038,1.659,1.1606
,1.7719,12.858,80.038,1.659,1.1606
,1.7719,12.858,80.038,1.659,1.1606
,1.7629,12.64,79.745,1.6308,1.1589
,1.7753,12.76,80.325,1.6462,1.1674
,1.7602,12.709,79.995,1.6394,1.1617
,1.7561,12.781,80.309,1.6489,1.1577
,1.7512,12.831,80.498,1.6553,1.1551
,1.7512,12.831,80.498,1.6553,1.1551
,1.7512,12.831,80.498,1.6553,1.1551
,1.7489,12.787,80.202,1.6497,1.1518
,1.7357,12.701,79.9,1.6388,1.1441
,1.73,12.597,79.468,1.6253,1.139
,1.7303,12.561,79.273,1.6206,1.1358
,1.727,12.675,79.571,1.6352,1.1384
,1.727,12.675,79.571,1.6352,1.1384
,1.727,12.675,79.571,1.6352,1.1384
,1.721,12.551,79.185,1.6193,1.1346
,1.719,12.585,79.568,1.6238,1.1344
,1.7332,12.595,79.582,1.625,1.1427
,1.7312,12.702,80.165,1.6388,1.1432
,1.7382,12.676,79.962,1.6356,1.1468
,1.7382,12.676,79.962,1.6356,1.1468
,1.7382,12.676,79.962,1.6356,1.1468
,1.738,12.715,79.828,1.6405,1.1448
,1.7351,12.839,80.254,1.6566,1.1446
,1.7256,12.8,80.1,1.6515,1.1373
,1.7301,12.872,80.726,1.6609,1.1419
,1.7321,12.943,80.952,1.67,1.1443
,1.7321,12.943,80.952,1.67,1.1443
,1.7321,12.943,80.952,1.67,1.1443
,1.7216,12.838,80.732,1.6565,1.1377
,1.7096,12.768,80.131,1.6474,1.1275
,1.708,12.78,79.539,1.649,1.124
,1.7054,12.804,79.558,1.6521,1.123
,1.6823,12.659,78.622,1.6333,1.1107
,1.6823,12.659,78.622,1.6333,1.1107
,1.6823,12.659,78.622,1.6333,1.1107
,1.6746,12.531,77.623,1.6168,1.103
,1.6745,12.662,78.357,1.6337,1.1053
,1.6815,12.739,78.904,1.6437,1.1119
,1.66,12.569,77.8,1.6217,1.0981
,1.6455,12.375,76.547,1.5967,1.0884
,1.6455,12.375,76.547,1.5967,1.0884
,1.6455,12.375,76.547,1.5967,1.0884
,1.6381,12.306,75.824,1.5878,1.0838
,1.6587,12.367,76.775,1.5956,1.0967
,1.6582,12.48,76.983,1.6104,1.0997
,1.6649,12.371,76.234,1.5962,1.0979
,1.6471,12.283,75.676,1.5849,1.0903
,1.6471,12.283,75.676,1.5849,1.0903
,1.6471,12.283,75.676,1.5849,1.0903
,1.6467,12.351,75.733,1.5937,1.0904
,1.6325,12.321,74.592,1.5898,1.0799
,1.638,12.313,74.177,1.5887,1.0812
,1.6485,12.436,74.328,1.6047,1.087
,1.6457,12.387,74.178,1.5983,1.0836
,1.6457,12.387,74.178,1.5983,1.0836
,1.6457,12.387,74.178,1.5983,1.0836
,1.626,12.261,73.548,1.582,1.0715
,1.6125,12.245,73.222,1.5799,1.0629
,1.6303,12.398,73.769,1.5997,1.075
,1.6543,12.594,75.214,1.625,1.0933
,1.6649,12.639,75.506,1.6308,1.0968
,1.6649,12.639,75.506,1.6308,1.0968
,1.6649,12.639,75.506,1.6308,1.0968
,1.6557,12.645,75.185,1.6316,1.0937
,1.6585,12.726,75.726,1.6421,1.0969
,1.6789,12.847,77.017,1.6577,1.111
,1.6685,12.841,77.444,1.6569,1.1046
,1.6498,12.691,76.164,1.6376,1.0903
,1.6498,12.691,76.164,1.6376,1.0903
,1.6498,12.691,76.164,1.6376,1.0903
,1.6457,12.66,76.174,1.6336,1.0877
,1.6684,12.699,76.922,1.6386,1.1016
,1.6682,12.652,77.116,1.6324,1.1041
,1.6835,12.77,77.755,1.6477,1.1142
,1.6921,12.834,77.846,1.6559,1.1189
,1.6921,12.834,77.846,1.6559,1.1189
,1.6921,12.834,77.846,1.6559,1.1189
,1.6709,12.674,76.713,1.6353,1.1071
,1.6827,12.642,77.311,1.6312,1.1128
,1.6912,12.802,77.809,1.6519,1.1191
,1.6881,12.869,78.03,1.6606,1.1169
,1.6869,12.855,77.561,1.6587,1.1161
,1.6869,12.855,77.561,1.6587,1.1161
,1.6869,12.855,77.561,1.6587,1.1161
,1.69,12.994,77.878,1.6767,1.119
,1.6821,12.908,77.361,1.6655,1.1128
,1.6728,12.907,77.125,1.6654,1.1075
,1.6747,12.821,77.158,1.6543,1.1086
,1.694,12.929,77.161,1.6682,1.122
,1.694,12.929,77.161,1.6682,1.122
,1.694,12.929,77.161,1.6682,1.122
,1.6867,12.961,77.245,1.6723,1.1175
,1.705,13.008,77.769,1.6784,1.1283
,1.6989,13.032,77.619,1.6815,1.1242
,1.6928,12.887,77.57,1.6628,1.1188
,1.6823,12.769,76.791,1.6477,1.1122
,1.6823,12.769,76.791,1.6477,1.1122
,1.6823,12.769,76.791,1.6477,1.1122
,1.6773,12.878,77.246,1.6617,1.1102
,1.6731,12.846,76.834,1.6575,1.1073
,1.6715,12.944,77.21,1.6701,1.1073
,1.6573,12.821,76.835,1.6543,1.0977
,1.657,12.718,76.551,1.641,1.1
,1.657,12.718,76.551,1.641,1.1
,1.657,12.718,76.551,1.641,1.1
,1.6533,12.773,76.528,1.6481,1.097
,1.6573,12.84,76.666,1.6568,1.0991
,1.6667,12.933,77.319,1.6687,1.1058
,1.659,12.889,76.627,1.6631,1.0999
,1.6648,12.906,77.097,1.6653,1.1052
,1.6648,12.906,77.097,1.6653,1.1052
,1.6648,12.906,77.097,1.6653,1.1052
,1.671,12.663,75.99,1.6338,1.1049
,1.666,12.624,75.826,1.6289,1.1025
,1.6708,12.653,76.027,1.6325,1.1055
,1.6712,12.625,75.97,1.6289,1.1058
,1.671,12.636,75.91,1.6303,1.1048
,1.671,12.636,75.91,1.6303,1.1048
,1.671,12.636,75.91,1.6303,1.1048
,1.6791,12.607,75.935,1.6264,1.1104
,1.6878,12.582,75.748,1.6229,1.1161
,1.7006,12.692,76.427,1.637,1.1243
,1.6914,12.502,75.565,1.6117,1.1237
,1.6864,12.538,75.532,1.6163,1.1274
,1.6864,12.538,75.532,1.6163,1.1274
,1.6864,12.538,75.532,1.6163,1.1274
,1.675,12.492,75.465,1.6111,1.1213
,1.6782,12.401,74.822,1.5989,1.1198
,1.6648,12.373,74.714,1.5956,1.1177
,1.6521,12.394,74.589,1.5984,1.1101
,1.6521,12.394,74.589,1.5984,1.1101
,1.6521,12.394,74.589,1.5984,1.1101
,1.6521,12.394,74.589,1.5984,1.1101
,1.6516,12.393,74.421,1.598,1.1093
,1.6486,12.4,74.643,1.5989,1.1078
,1.6458,12.299,74.181,1.5861,1.1062
,1.6705,12.578,75.487,1.6221,1.126
,1.6705,12.578,75.487,1.6221,1.126
,1.6705,12.578,75.487,1.6221,1.126
,1.6705,12.578,75.487,1.6221,1.126
,1.6685,12.521,74.737,1.6142,1.1218
,1.6498,12.44,74.171,1.6039,1.1106
,1.6496,12.385,73.187,1.5969,1.1128
,1.6487,12.331,72.677,1.59,1.1116
,1.6583,12.391,73.103,1.5976,1.1193
,1.6583,12.391,73.103,1.5976,1.1193
,1.6583,12.391,73.103,1.5976,1.1193
,1.6415,12.534,73.267,1.6162,1.1125
,1.6432,12.517,73.796,1.614,1.1146
,1.653,12.624,74.142,1.6279,1.1178
,1.6624,12.618,74.25,1.6267,1.123
,1.6748,12.659,74.57,1.6315,1.135
,1.6748,12.659,74.57,1.6315,1.135
,1.6748,12.659,74.57,1.6315,1.135
,1.6765,12.681,74.37,1.6338,1.137
,1.6882,12.678,74.808,1.6332,1.1438
,1.6985,12.627,74.709,1.6259,1.1505
,1.6923,12.559,74.425,1.6166,1.1494
,1.6784,12.535,74.699,1.613,1.1412
,1.6784,12.535,74.699,1.613,1.1412
,1.6784,12.535,74.699,1.613,1.1412
,1.6788,12.53,74.554,1.613,1.1399
,1.6859,12.538,74.224,1.6128,1.1451
,1.6974,12.617,75.126,1.6226,1.1531
,1.709,12.622,75.194,1.6248,1.1606
,1.692,12.517,74.452,1.6117,1.154
,1.692,12.517,74.452,1.6117,1.154
,1.692,12.517,74.452,1.6117,1.154
,1.6831,12.353,73.752,1.5903,1.1431
,1.6862,12.391,73.705,1.5951,1.1445
,1.682,12.392,73.375,1.596,1.1413
,1.6825,12.322,73.358,1.586,1.1453
,1.6813,12.184,73.37,1.5678,1.1451
,1.6813,12.184,73.37,1.5678,1.1451
,1.6813,12.184,73.37,1.5678,1.1451
,1.6732,12.129,73.066,1.5609,1.1414
,1.6665,12.143,72.918,1.5629,1.1358
,1.6661,12.135,72.612,1.5617,1.1366
,1.671,12.147,72.695,1.5633,1.1396
,1.6857,12.135,72.604,1.5616,1.1506
,1.6857,12.135,72.604,1.5616,1.1506
,1.6857,12.135,72.604,1.5616,1.1506
,1.6898,12.187,72.653,1.5683,1.1526
,1.6862,12.184,72.458,1.5679,1.1488
,1.6892,12.271,72.837,1.5795,1.1507
,1.6832,12.105,72.129,1.5587,1.1489
,1.6689,11.955,71.274,1.5392,1.1386
,1.6689,11.955,71.274,1.5392,1.1386
,1.6689,11.955,71.274,1.5392,1.1386
,1.6652,12.026,71.585,1.5489,1.1368
,1.6663,11.973,71.286,1.5425,1.1361
,1.6685,11.987,71.452,1.5438,1.1396
,1.6611,11.889,70.95,1.5313,1.1352
,1.6397,11.8,70.084,1.5201,1.1202
,1.6397,11.8,70.084,1.5201,1.1202
,1.6397,11.8,70.084,1.5201,1.1202
,1.6151,11.581,68.833,1.4917,1.1029
,1.6139,11.605,68.678,1.4948,1.1033
,1.6152,11.692,69.018,1.5061,1.1041
,1.6168,11.724,69.193,1.5103,1.105
,1.6213,11.683,68.616,1.5049,1.108
,1.6213,11.683,68.616,1.5049,1.108
,1.6213,11.683,68.616,1.5049,1.108
,1.621,11.747,68.822,1.514,1.1082
,1.6136,11.607,68.212,1.4957,1.1033
,1.6039,11.587,67.77,1.4933,1.0972
,1.6093,11.663,68.563,1.5031,1.1006
,1.6071,11.757,68.865,1.5155,1.101
,1.6071,11.757,68.865,1.5155,1.101
,1.6071,11.757,68.865,1.5155,1.101
,1.5955,11.679,68.627,1.5052,1.0983
,1.6006,11.743,68.877,1.5132,1.1027
,1.6192,11.914,69.605,1.5349,1.1158
,1.619,11.858,69.454,1.528,1.1186
,1.6069,11.753,68.921,1.5146,1.1179
,1.6069,11.753,68.921,1.5146,1.1179
,1.6069,11.753,68.921,1.5146,1.1179
,1.596,11.63,68.307,1.4984,1.1123
,1.5903,11.653,68.391,1.5013,1.1105
,1.5965,11.572,67.751,1.4909,1.1178
,1.5966,11.59,67.945,1.4933,1.1181
,1.5866,11.512,67.059,1.483,1.1106
,1.5866,11.512,67.059,1.483,1.1106
,1.5866,11.512,67.059,1.483,1.1106
,1.5932,11.63,67.278,1.4978,1.1119
,1.6026,11.719,68.064,1.5092,1.1194
,1.6044,11.761,68.009,1.5148,1.1238
,1.6024,11.822,68.036,1.5221,1.1301
,1.6024,11.822,68.036,1.5221,1.1301
,1.6024,11.822,68.036,1.5221,1.1301
,1.6024,11.822,68.036,1.5221,1.1301
,1.6024,11.822,68.036,1.5221,1.1301
,1.6234,11.789,67.489,1.5181,1.1333
,1.6295,11.784,67.561,1.5179,1.1379
,1.637,11.792,67.577,1.5195,1.1429
,1.6472,11.908,67.971,1.5349,1.1468
,1.6472,11.908,67.971,1.5349,1.1468
,1.6472,11.908,67.971,1.5349,1.1468
,1.6309,11.943,68.33,1.5394,1.1331
,1.6307,11.963,68.668,1.5414,1.1348
,1.6301,11.988,68.322,1.5447,1.1346
,1.6348,11.981,68.607,1.5437,1.1398
,1.6347,11.978,68.384,1.5432,1.1401
,1.6347,11.978,68.384,1.5432,1.1401
,1.6347,11.978,68.384,1.5432,1.1401
,1.6292,11.842,68.243,1.5255,1.1357
,1.6354,11.944,68.461,1.5386,1.1409
,1.6489,11.946,68.565,1.5389,1.1507
,1.6527,11.945,68.495,1.539,1.1537
,1.6551,11.914,68.277,1.5348,1.153
,1.6551,11.914,68.277,1.5348,1.153
,1.6551,11.914,68.277,1.5348,1.153
,1.6629,11.992,68.575,1.5446,1.1596
,1.6554,11.9,68.124,1.5328,1.1533
,1.6469,11.815,67.905,1.521,1.1484
,1.6533,11.861,67.994,1.5275,1.1523
,1.6478,11.877,67.867,1.5299,1.149
,1.6478,11.877,67.867,1.5299,1.149
,1.6478,11.877,67.867,1.5299,1.149
,1.6507,11.84,67.846,1.5251,1.1521
,1.6594,11.772,67.648,1.5162,1.1584
,1.6752,11.738,67.922,1.5114,1.1695
,1.6765,11.734,68.417,1.5098,1.1863
,1.6294,11.423,66.781,1.4683,1.152
,1.6294,11.423,66.781,1.4683,1.152
,1.6294,11.423,66.781,1.4683,1.152
,1.649,11.676,67.318,1.501,1.1573
,1.6397,11.495,66.888,1.4772,1.1633
,1.6555,11.621,67.388,1.4935,1.1773
,1.6426,11.483,66.508,1.4756,1.1723
,1.6357,11.343,65.9,1.4575,1.1667
,1.6357,11.343,65.9,1.4575,1.1667
,1.6357,11.343,65.9,1.4575,1.1667
,1.6383,11.261,65.859,1.4437,1.169
,1.6332,11.279,65.97,1.4469,1.1642
,1.6366,11.156,66.288,1.43,1.1654
,1.6403,11.133,66.814,1.4269,1.1569
,1.6554,11.208,67.406,1.4359,1.149
,1.6554,11.208,67.406,1.4359,1.149
,1.6554,11.208,67.406,1.4359,1.149
,1.6658,11.201,67.464,1.4359,1.1617
,1.6717,11.193,68.447,1.4345,1.1736
,1.6621,11.23,68.112,1.4402,1.17
,1.6737,11.278,67.861,1.4482,1.1817
,1.6775,11.35,67.574,1.457,1.1765
,1.6775,11.35,67.574,1.457,1.1765
,1.6775,11.35,67.574,1.457,1.1765
,1.6768,11.301,67.232,1.4502,1.1784
,1.6992,11.348,68.668,1.4562,1.198
,1.6975,11.424,68.878,1.466,1.1998
,1.6931,11.438,68.511,1.468,1.1966
,1.686,11.358,68.283,1.4575,1.2085
,1.686,11.358,68.283,1.4575,1.2085
,1.686,11.358,68.283,1.4575,1.2085
,1.687,11.318,68.301,1.4503,1.2127
,1.6657,11.256,67.707,1.4422,1.2077
,1.6663,11.343,68.377,1.4542,1.2108
,1.6709,11.376,68.472,1.4596,1.2118
,1.6753,11.397,68.502,1.4623,1.2058
,1.6753,11.397,68.502,1.4623,1.2058
,1.6753,11.397,68.502,1.4623,1.2058
,1.6743,11.489,68.551,1.4744,1.2037
,1.6825,11.478,68.547,1.4733,1.2019
,1.6715,11.513,68.799,1.4776,1.2036
,1.6503,11.534,68.567,1.4808,1.1977
,1.6447,11.524,68.352,1.4804,1.1966
,1.6447,11.524,68.352,1.4804,1.1966
,1.6447,11.524,68.352,1.4804,1.1966
,1.647,11.545,67.965,1.4856,1.1989
,1.6333,11.436,68.038,1.4698,1.199
,1.654,11.599,68.871,1.4912,1.2152
,1.6561,11.654,69.64,1.4981,1.2217
,1.6432,11.611,69.091,1.4927,1.2142
,1.6432,11.611,69.091,1.4927,1.2142
,1.6432,11.611,69.091,1.4927,1.2142
,1.6326,11.711,69.527,1.5048,1.2195
,1.636,11.717,69.968,1.5052,1.234
,1.6249,11.689,69.72,1.5011,1.2233
,1.6029,11.684,69.917,1.4995,1.2163
,1.6209,11.851,71.159,1.5206,1.2118
,1.6209,11.851,71.159,1.5206,1.2118
,1.6209,11.851,71.159,1.5206,1.2118
,1.6103,11.795,70.833,1.5143,1.2085
,1.6122,11.812,71.007,1.5165,1.2055
,1.6002,11.77,71.077,1.5106,1.2021
,1.5942,11.8,71,1.5151,1.1967
,1.5946,11.756,70.539,1.5116,1.1962
,1.5946,11.756,70.539,1.5116,1.1962
,1.5946,11.756,70.539,1.5116,1.1962
,1.5962,11.688,70.37,1.5033,1.1957
,1.6034,11.747,70.649,1.5111,1.2022
,1.6095,11.836,71.152,1.5226,1.1986
,1.6059,11.927,71.556,1.5351,1.1967
,1.6021,11.955,71.939,1.5378,1.1829
,1.6021,11.955,71.939,1.5378,1.1829
,1.6021,11.955,71.939,1.5378,1.1829
,1.6079,11.878,71.964,1.5274,1.1788
,1.5974,11.785,71.76,1.5156,1.18
,1.601,11.87,72.013,1.5268,1.1913
,1.5921,11.852,71.868,1.5247,1.1865
,1.6111,11.968,72.303,1.5405,1.1945
,1.6111,11.968,72.303,1.5405,1.1945
,1.6111,11.968,72.303,1.5405,1.1945
,1.6271,12.041,72.936,1.55,1.1987
,1.6434,12.075,72.547,1.5549,1.193
,1.65,12.099,72.847,1.5579,1.1991
,1.6326,12.131,72.687,1.562,1.1952
,1.6219,12.119,72.404,1.5604,1.1977
,1.6219,12.119,72.404,1.5604,1.1977
,1.6219,12.119,72.404,1.5604,1.1977
,1.6538,12.288,73.191,1.5827,1.2107
,1.6524,12.368,73.554,1.5933,1.2051
,1.6574,12.376,73.594,1.5942,1.2071
,1.6665,12.343,73.432,1.5898,1.2058
,1.6661,12.321,73.268,1.5873,1.2047
,1.6661,12.321,73.268,1.5873,1.2047
,1.6661,12.321,73.268,1.5873,1.2047
,1.6584,12.389,73.614,1.596,1.2042
,1.6637,12.208,72.965,1.5724,1.1973
,1.6544,12.21,73.437,1.5724,1.208
,1.6442,12.106,72.904,1.5586,1.2186
,1.6425,12.113,72.869,1.5586,1.2177
,1.6425,12.113,72.869,1.5586,1.2177
,1.6425,12.113,72.869,1.5586,1.2177
,1.6259,12.135,73.078,1.5613,1.2179
,1.6295,12.141,72.843,1.5626,1.2151
,1.6304,12.157,72.732,1.5644,1.2146
,1.6246,12.156,72.537,1.5643,1.2187
,1.6055,12.065,72.397,1.5518,1.2209
,1.6055,12.065,72.397,1.5518,1.2209
,1.6055,12.065,72.397,1.5518,1.2209
,1.611,12.091,72.579,1.5551,1.2241
,1.6058,11.969,72.198,1.5392,1.2206
,1.5875,11.985,72.266,1.541,1.2217
,1.5936,12.077,72.745,1.5528,1.2233
,1.5847,12.052,72.652,1.5492,1.2186
,1.5847,12.052,72.652,1.5492,1.2186
,1.5847,12.052,72.652,1.5492,1.2186
,1.5989,12.101,72.972,1.5554,1.2247
,1.5683,11.961,72.351,1.5373,1.2124
,1.5603,11.978,72.105,1.5402,1.2033
,1.5554,11.963,71.921,1.5392,1.2008
,1.5654,11.971,71.794,1.5403,1.2002
,1.5654,11.971,71.794,1.5403,1.2002
,1.5654,11.971,71.794,1.5403,1.2002
,1.5592,11.929,71.477,1.5358,1.193
,1.5516,11.904,71.751,1.5325,1.2025
,1.5616,12.004,72.064,1.5446,1.2165
,1.5572,11.963,71.554,1.5397,1.2109
,1.5812,12.004,71.46,1.5454,1.2145
,1.5812,12.004,71.46,1.5454,1.2145
,1.5812,12.004,71.46,1.5454,1.2145
,1.5629,11.962,71.457,1.5401,1.2031
,1.5475,11.963,71.497,1.5402,1.1986
,1.5582,12.075,72.059,1.5546,1.1969
,1.5797,12.134,72.029,1.5621,1.1945
,1.5806,12.136,71.616,1.5627,1.1965
,1.5806,12.136,71.616,1.5627,1.1965
,1.5806,12.136,71.616,1.5627,1.1965
,1.5698,12.111,71.293,1.5596,1.1929
,1.5561,12.046,70.869,1.5518,1.1828
,1.5453,12.126,71.242,1.5625,1.1692
,1.5447,12.155,71.412,1.5665,1.1758
,1.5423,12.191,71.121,1.5715,1.1717
,1.5423,12.191,71.121,1.5715,1.1717
,1.5423,12.191,71.121,1.5715,1.1717
,1.5589,12.294,71.346,1.5848,1.1759
,1.5617,12.288,71.524,1.5838,1.1767
,1.5427,12.254,70.956,1.5794,1.1604
,1.5451,12.317,71.222,1.5871,1.1629
,1.5471,12.277,70.402,1.5821,1.1526
,1.5471,12.277,70.402,1.5821,1.1526
,1.5471,12.277,70.402,1.5821,1.1526
,1.5396,12.284,70.544,1.5833,1.1553
,1.5401,12.333,71.022,1.5899,1.1538
,1.5312,12.316,70.479,1.5879,1.146
,1.5338,12.386,70.621,1.5972,1.1433
,1.5335,12.3,70.432,1.5854,1.1427
,1.5335,12.3,70.432,1.5854,1.1427
,1.5335,12.3,70.432,1.5854,1.1427
,1.5335,12.363,70.812,1.5934,1.1434
,1.5222,12.288,70.724,1.5834,1.1447
,1.5152,12.292,70.449,1.584,1.1348
,1.5225,12.445,70.762,1.6038,1.1374
,1.5297,12.456,70.806,1.6056,1.1396
,1.5297,12.456,70.806,1.6056,1.1396
,1.5297,12.456,70.806,1.6056,1.1396
,1.5273,12.326,70.51,1.5887,1.1432
,1.5223,12.211,69.888,1.5738,1.1356
,1.5142,12.2,69.729,1.5715,1.1338
,1.5157,12.223,69.742,1.5745,1.1233
,1.5252,12.195,69.991,1.5704,1.127
,1.5252,12.195,69.991,1.5704,1.127
,1.5252,12.195,69.991,1.5704,1.127
,1.5257,12.2,69.733,1.572,1.1204
,1.5462,12.308,70.691,1.5866,1.1404
,1.5635,12.277,70.467,1.5823,1.1463
,1.5703,12.351,70.852,1.592,1.1489
,1.5782,12.372,70.827,1.5953,1.1513
,1.5782,12.372,70.827,1.5953,1.1513
,1.5782,12.372,70.827,1.5953,1.1513
,1.5871,12.455,71.401,1.6067,1.1537
,1.5734,12.42,71.06,1.6022,1.143
,1.5812,12.481,71.382,1.6102,1.149
,1.5736,12.605,71.858,1.6263,1.1417
,1.5608,12.579,71.437,1.6228,1.1522
,1.5608,12.579,71.437,1.6228,1.1522
,1.5608,12.579,71.437,1.6228,1.1522
,1.5573,12.505,71.659,1.6132,1.1592
,1.5562,12.535,71.729,1.6171,1.1596
,1.5641,12.457,71.2,1.607,1.1671
,1.5642,12.507,71.76,1.6135,1.1777
,1.5701,12.493,71.917,1.6117,1.1755
,1.5701,12.493,71.917,1.6117,1.1755
,1.5701,12.493,71.917,1.6117,1.1755
,1.5837,12.459,72.582,1.607,1.1794
,1.5756,12.403,72.479,1.5995,1.1751
,1.5815,12.317,72.051,1.588,1.1779
,1.5812,12.417,72.43,1.6014,1.1734
,1.5911,12.398,72.481,1.5989,1.1693
,1.5911,12.398,72.481,1.5989,1.1693
,1.5911,12.398,72.481,1.5989,1.1693
,1.5797,12.38,72.529,1.5963,1.1697
,1.573,12.349,72.551,1.5916,1.1793
,1.5734,12.264,72.256,1.5808,1.1851
,1.5743,12.212,71.711,1.5737,1.1814
,1.5688,12.155,71.792,1.5656,1.1839
,1.5688,12.155,71.792,1.5656,1.1839
,1.5688,12.155,71.792,1.5656,1.1839
,1.5623,12.092,71.558,1.5576,1.1848
,1.5508,12.055,71.319,1.5517,1.1938
,1.5701,12.137,70.852,1.5626,1.1915
,1.5583,12.101,70.557,1.5577,1.1841
,1.5499,12.128,70.443,1.562,1.1792
,1.5499,12.128,70.443,1.562,1.1792
,1.5499,12.128,70.443,1.562,1.1792
,1.5444,12.171,70.432,1.5675,1.1804
,1.5427,12.252,70.441,1.5782,1.1811
,1.5609,12.257,71.147,1.5776,1.1952
,1.5581,12.248,71.324,1.5765,1.193
,1.5526,12.299,71.226,1.582,1.1945
,1.5526,12.299,71.226,1.582,1.1945
,1.5526,12.299,71.226,1.582,1.1945
,1.5392,12.228,71.007,1.5724,1.1852
,1.5219,12.307,71.061,1.5831,1.1783
,1.5038,12.179,71.009,1.5664,1.1725
,1.5153,12.14,70.85,1.5612,1.1793
,1.4953,12.106,70.58,1.5566,1.1739
,1.4953,12.106,70.58,1.5566,1.1739
,1.4953,12.106,70.58,1.5566,1.1739
,1.5006,12.084,70.567,1.5537,1.1818
,1.4834,12.027,69.975,1.5471,1.1761
,1.4722,12.009,69.632,1.544,1.1776
,1.48,11.982,69.524,1.5402,1.179
,1.4852,11.995,69.556,1.5418,1.177
,1.4852,11.995,69.556,1.5418,1.177
,1.4852,11.995,69.556,1.5418,1.177
,1.4814,11.992,69.723,1.5412,1.1733
,1.4662,12.03,69.676,1.5461,1.1717
,1.4619,11.972,69.276,1.5384,1.1711
,1.4502,12.015,69.344,1.5438,1.1625
,1.4527,12.066,69.426,1.5524,1.1618
,1.4527,12.066,69.426,1.5524,1.1618
,1.4527,12.066,69.426,1.5524,1.1618
,1.4472,12.041,69.174,1.5497,1.161
,1.4753,12.14,70.391,1.5629,1.1645
,1.4873,12.106,70.706,1.5576,1.1788
,1.5011,12.052,70.198,1.5501,1.1841
,1.4925,12.017,70.285,1.5461,1.1929
,1.4925,12.017,70.285,1.5461,1.1929
,1.4925,12.017,70.285,1.5461,1.1929
,1.4978,12.063,70.635,1.5512,1.2022
,1.5072,12.105,70.297,1.5564,1.2021
,1.5179,12.129,70.357,1.5601,1.2026
,1.5343,12.278,71.326,1.5793,1.1965
,1.5335,12.324,72.025,1.585,1.1874
,1.5335,12.324,72.025,1.585,1.1874
,1.5335,12.324,72.025,1.585,1.1874
,1.5374,12.381,72.509,1.592,1.196
,1.5332,12.443,72.764,1.6001,1.1967
,1.5373,12.456,72.711,1.6016,1.1858
,1.526,12.429,72.878,1.597,1.1854
,1.5341,12.414,72.717,1.594,1.1789
,1.5341,12.414,72.717,1.594,1.1789
,1.5341,12.414,72.717,1.594,1.1789
,1.5252,12.425,72.71,1.5936,1.1743
,1.4932,12.293,72.278,1.5773,1.1601
,1.4969,12.338,72.436,1.5848,1.1584
,1.5054,12.431,72.774,1.5957,1.1634
,1.5033,12.403,72.882,1.5925,1.1616
,1.5033,12.403,72.882,1.5925,1.1616
,1.5033,12.403,72.882,1.5925,1.1616
,1.4974,12.401,73.013,1.5904,1.1616
,1.5176,12.556,73.755,1.6114,1.1715
,1.5168,12.618,73.819,1.6203,1.1738
,1.5303,12.607,73.847,1.6196,1.1783
,1.529,12.526,73.364,1.6089,1.1804
,1.529,12.526,73.364,1.6089,1.1804
,1.529,12.526,73.364,1.6089,1.1804
,1.5417,12.558,73.346,1.6131,1.1902
,1.5355,12.503,72.782,1.6068,1.1784
,1.5473,12.503,73,1.6055,1.1765
,1.5458,12.497,73.376,1.6046,1.1795
,1.5565,12.464,73.061,1.5991,1.1825
,1.5565,12.464,73.061,1.5991,1.1825
,1.5565,12.464,73.061,1.5991,1.1825
,1.5554,12.468,72.8,1.6,1.1905
,1.567,12.571,73.43,1.6131,1.194
,1.5528,12.501,73.047,1.6047,1.1878
,1.5428,12.56,73.122,1.6126,1.1892
,1.5453,12.636,73.37,1.6232,1.1912
,1.5453,12.636,73.37,1.6232,1.1912
,1.5453,12.636,73.37,1.6232,1.1912
,1.5383,12.628,72.984,1.6223,1.1869
,1.5185,12.587,73.139,1.6158,1.1823
,1.5194,12.65,73.26,1.6232,1.1822
,1.4975,12.612,73.562,1.6179,1.1747
,1.4964,12.54,72.929,1.609,1.1692
,1.4964,12.54,72.929,1.609,1.1692
,1.4964,12.54,72.929,1.609,1.1692
,1.5056,12.637,73.44,1.6222,1.1726
,1.5127,12.676,73.161,1.6276,1.1773
,1.5097,12.69,73.214,1.6288,1.1795
,1.5088,12.673,73.281,1.6269,1.1747
,1.5151,12.671,73.176,1.6266,1.1654
,1.5151,12.671,73.176,1.6266,1.1654
,1.5151,12.671,73.176,1.6266,1.1654
,1.5052,12.688,73.403,1.6293,1.1614
,1.5048,12.581,72.823,1.6151,1.1621
,1.5041,12.629,72.972,1.6214,1.1641
,1.5077,12.567,72.884,1.6131,1.1675
,1.4912,12.461,72.351,1.5993,1.1612
,1.4912,12.461,72.351,1.5993,1.1612
,1.4912,12.461,72.351,1.5993,1.1612
,1.4945,12.553,72.584,1.6108,1.1549
,1.4706,12.482,72.423,1.6006,1.1529
,1.4707,12.54,72.574,1.6086,1.153
,1.4554,12.595,72.892,1.6144,1.1528
,1.4601,12.615,72.827,1.6171,1.1444
,1.4601,12.615,72.827,1.6171,1.1444
,1.4601,12.615,72.827,1.6171,1.1444
,1.4725,12.698,73.29,1.6283,1.1472
,1.4799,12.764,73.618,1.6376,1.1523
,1.4652,12.667,72.874,1.625,1.1496
,1.4663,12.598,72.329,1.6163,1.144
,1.4713,12.534,71.838,1.608,1.1392
,1.4713,12.534,71.838,1.608,1.1392
,1.4713,12.534,71.838,1.608,1.1392
,1.4697,12.46,71.641,1.5977,1.1386
,1.47,12.441,71.463,1.5958,1.1345
,1.4783,12.481,71.744,1.6031,1.1378
,1.4717,12.511,71.682,1.6077,1.1316
,1.4815,12.481,71.446,1.6042,1.1344
,1.4815,12.481,71.446,1.6042,1.1344
,1.4815,12.481,71.446,1.6042,1.1344
,1.4904,12.571,72.073,1.6164,1.1351
,1.4998,12.62,72.088,1.623,1.1457
,1.4925,12.674,71.981,1.6296,1.1396
,1.4977,12.674,72.084,1.6307,1.1417
,1.4942,12.701,72.049,1.6347,1.1351
,1.4942,12.701,72.049,1.6347,1.1351
,1.4942,12.701,72.049,1.6347,1.1351
,1.4859,12.693,72.511,1.6335,1.1317
,1.4651,12.661,72.296,1.6287,1.1256
,1.4604,12.665,72.489,1.6288,1.1238
,1.4594,12.691,72.853,1.6318,1.1331
,1.4593,12.711,72.484,1.635,1.1315
,1.4593,12.711,72.484,1.635,1.1315
,1.4593,12.711,72.484,1.635,1.1315
,1.4611,12.653,72.31,1.6268,1.1396
,1.4626,12.67,72.462,1.6289,1.139
,1.4598,12.726,72.567,1.637,1.1278
,1.4582,12.857,73.421,1.6548,1.1347
,1.4582,12.857,73.421,1.6548,1.1347
,1.4582,12.857,73.421,1.6548,1.1347
,1.4582,12.857,73.421,1.6548,1.1347
,1.4582,12.857,73.421,1.6548,1.1347
,1.4462,12.806,73.353,1.6476,1.1272
,1.4537,12.86,73.539,1.6548,1.1282
,1.4575,12.934,73.954,1.6645,1.1251
,1.443,12.945,73.683,1.6665,1.1215
,1.443,12.945,73.683,1.6665,1.1215
,1.443,12.945,73.683,1.6665,1.1215
,1.4458,12.958,73.984,1.6686,1.1246
,1.4248,12.8,73.356,1.6478,1.1149
,1.4253,12.848,73.542,1.6537,1.1112
,1.4166,12.813,73.785,1.6485,1.1128
,1.4332,12.749,73.489,1.6406,1.1313
,1.4332,12.749,73.489,1.6406,1.1313
,1.4332,12.749,73.489,1.6406,1.1313
,1.435,12.727,73.225,1.6374,1.1373
,1.4355,12.712,73.196,1.6355,1.1391
,1.454,12.814,73.694,1.6488,1.1484
,1.4462,12.643,73.189,1.6265,1.1492
,1.4428,12.641,72.978,1.6265,1.139
,1.4428,12.641,72.978,1.6265,1.139
,1.4428,12.641,72.978,1.6265,1.139
,1.4375,12.606,73.203,1.621,1.1461
,1.4381,12.622,73.262,1.6234,1.1456
,1.4245,12.56,72.787,1.6155,1.1355
,1.4315,12.582,72.806,1.6186,1.1347
,1.4226,12.618,73.068,1.6233,1.1402
,1.4226,12.618,73.068,1.6233,1.1402
,1.4226,12.618,73.068,1.6233,1.1402
,1.4234,12.536,72.921,1.612,1.1498
,1.4212,12.552,72.967,1.6141,1.1457
,1.4211,12.624,73.541,1.6223,1.1531
,1.4212,12.696,73.907,1.6313,1.1514
,1.4098,12.805,74.324,1.6456,1.1536
,1.4098,12.805,74.324,1.6456,1.1536
,1.4098,12.805,74.324,1.6456,1.1536
,1.4009,12.804,74.196,1.6459,1.1533
,1.4076,12.829,74.325,1.6496,1.1467
,1.389,12.777,73.67,1.6428,1.1402
,1.378,12.741,73.416,1.6377,1.1326
,1.3743,12.698,73.17,1.6325,1.1268
,1.3743,12.698,73.17,1.6325,1.1268
,1.3743,12.698,73.17,1.6325,1.1268
,1.3743,12.753,73.382,1.6394,1.1232
,1.3712,12.771,73.354,1.6418,1.1205
,1.369,12.73,73.134,1.636,1.1199
,1.3764,12.785,73.506,1.6431,1.1244
,1.3721,12.69,72.911,1.6306,1.1256
,1.3721,12.69,72.911,1.6306,1.1256
,1.3721,12.69,72.911,1.6306,1.1256
,1.3653,12.689,73.131,1.63,1.1356
,1.3753,12.765,73.368,1.64,1.1351
,1.3827,12.653,72.719,1.6246,1.1368
,1.3662,12.553,72.275,1.6095,1.1425
,1.3713,12.604,72.542,1.6168,1.133
,1.3713,12.604,72.542,1.6168,1.133
,1.3713,12.604,72.542,1.6168,1.133
,1.3688,12.615,72.846,1.6185,1.137
,1.3677,12.626,72.695,1.621,1.1278
,1.3558,12.558,72.372,1.612,1.1197
,1.3448,12.446,71.817,1.5976,1.1241
,1.3395,12.466,72.008,1.6004,1.1254
,1.3395,12.466,72.008,1.6004,1.1254
,1.3395,12.466,72.008,1.6004,1.1254
,1.3318,12.434,71.907,1.5966,1.124
,1.329,12.418,71.832,1.5948,1.1183
,1.3376,12.477,71.928,1.6031,1.1114
,1.3374,12.462,71.533,1.6014,1.108
,1.3555,12.459,71.376,1.6009,1.105
,1.3555,12.459,71.376,1.6009,1.105
,1.3555,12.459,71.376,1.6009,1.105
,1.3671,12.515,71.454,1.6084,1.1093
,1.3594,12.526,71.46,1.6096,1.1131
,1.3476,12.453,71.05,1.6,1.1175
,1.3507,12.429,70.964,1.597,1.121
,1.3549,12.408,70.787,1.5945,1.1196
,1.3549,12.408,70.787,1.5945,1.1196
,1.3549,12.408,70.787,1.5945,1.1196
,1.3302,12.425,70.967,1.596,1.1355
,1.3199,12.34,70.797,1.5833,1.133
,1.3255,12.426,71.008,1.595,1.1334
,1.3139,12.556,71.755,1.6121,1.1351
,1.3193,12.563,71.762,1.6121,1.1396
,1.3193,12.563,71.762,1.6121,1.1396
,1.3193,12.563,71.762,1.6121,1.1396
,1.3154,12.539,71.701,1.6085,1.1453
,1.3206,12.56,71.694,1.6111,1.1378
,1.3231,12.571,71.716,1.6132,1.1355
,1.3304,12.613,72.033,1.6185,1.138
,1.3356,12.703,72.305,1.6303,1.1329
,1.3356,12.703,72.305,1.6303,1.1329
,1.3356,12.703,72.305,1.6303,1.1329
,1.3103,12.696,72.356,1.6295,1.1331
,1.3181,12.775,72.466,1.6401,1.1333
,1.312,12.745,72.115,1.6358,1.1324
,1.3087,12.714,71.958,1.6318,1.1443
,1.3051,12.703,72.037,1.63,1.1431
,1.3051,12.703,72.037,1.63,1.1431
,1.3051,12.703,72.037,1.63,1.1431
,1.2813,12.769,72.235,1.6389,1.1369
,1.2674,12.669,71.967,1.6254,1.1471
,1.2632,12.779,72.635,1.6389,1.1461
,1.2636,12.735,72.737,1.6328,1.1475
,1.2481,12.716,72.881,1.6288,1.1507
,1.2481,12.716,72.881,1.6288,1.1507
,1.2481,12.716,72.881,1.6288,1.1507
,1.2483,12.776,73.605,1.6368,1.1506
,1.2134,12.759,73.876,1.6341,1.1453
,1.1818,12.68,73.533,1.6247,1.1308
,1.1989,12.598,73.267,1.6151,1.1419
,1.2534,12.677,73.734,1.6261,1.1411
,1.2534,12.677,73.734,1.6261,1.1411
,1.2534,12.677,73.734,1.6261,1.1411
,1.2924,12.718,73.984,1.6316,1.1403
,1.2743,12.74,74.195,1.6346,1.1383
,1.2992,12.853,74.84,1.6496,1.1395
,1.3106,12.867,75.509,1.6505,1.1486
,1.304,12.902,75.675,1.6541,1.1499
,1.304,12.902,75.675,1.6541,1.1499
,1.304,12.902,75.675,1.6541,1.1499
,1.2981,12.867,75.336,1.6497,1.1446
,1.3025,12.873,75.323,1.6509,1.1416
,1.3001,12.828,75.703,1.6455,1.1401
,1.3012,12.761,75.369,1.6369,1.1348
,1.2937,12.68,75.054,1.6262,1.1291
,1.2937,12.68,75.054,1.6262,1.1291
,1.2937,12.68,75.054,1.6262,1.1291
,1.3366,12.766,75.424,1.6377,1.1305
,1.3393,12.704,75.064,1.6298,1.1317
,1.3178,12.717,75.169,1.6317,1.1292
,1.2956,12.62,74.712,1.6211,1.1348
,1.2666,12.631,74.263,1.6219,1.1378
,1.2666,12.631,74.263,1.6219,1.1378
,1.2666,12.631,74.263,1.6219,1.1378
,1.2697,12.576,74.251,1.6142,1.1427
,1.3722,12.528,73.919,1.6075,1.1401
,1.3727,12.46,73.801,1.5986,1.139
,1.3842,12.487,74,1.6019,1.1406
,1.4049,12.438,74.298,1.5957,1.1549
,1.4049,12.438,74.298,1.5957,1.1549
,1.4049,12.438,74.298,1.5957,1.1549
,1.4015,12.387,74.983,1.5876,1.1626
,1.3945,12.336,75.24,1.5808,1.1585
,1.3839,12.322,75.237,1.579,1.1501
,1.3818,12.314,75.15,1.5803,1.1455
,1.3833,12.298,74.593,1.5785,1.1472
,1.3833,12.298,74.593,1.5785,1.1472
,1.3833,12.298,74.593,1.5785,1.1472
,1.3894,12.248,75.131,1.5714,1.1519
,1.383,12.249,75.528,1.5717,1.1464
,1.3982,12.169,75.482,1.5618,1.1453
,1.4057,12.013,76.349,1.54,1.1451
,1.3979,12.009,76.102,1.5395,1.1463
,1.3979,12.009,76.102,1.5395,1.1463
,1.3979,12.009,76.102,1.5395,1.1463
,1.4036,12.106,76.764,1.5524,1.15
,1.4063,12.166,76.614,1.5612,1.1497
,1.4001,12.188,76.243,1.5636,1.1471
,1.4021,12.187,76.573,1.5638,1.1486
,1.4043,12.14,76.293,1.5581,1.1539
,1.4043,12.14,76.293,1.5581,1.1539
,1.4043,12.14,76.293,1.5581,1.1539
,1.4123,12.076,76.217,1.5504,1.1633
,1.4208,11.982,76.035,1.5389,1.1675
,1.4212,12.027,76.267,1.5454,1.1587
,1.4209,11.916,75.546,1.5308,1.1537
,1.4298,12.092,76.367,1.5534,1.1563
,1.4298,12.092,76.367,1.5534,1.1563
,1.4298,12.092,76.367,1.5534,1.1563
,1.4186,12.176,76.616,1.5644,1.1509
,1.4227,12.168,77.128,1.5637,1.1492
,1.4128,12.236,76.995,1.5726,1.1424
,1.4083,12.193,77.001,1.5673,1.1417
,1.4161,12.275,77.369,1.5783,1.1431
,1.4161,12.275,77.369,1.5783,1.1431
,1.4161,12.275,77.369,1.5783,1.1431
,1.4148,12.257,77.162,1.5762,1.1442
,1.419,12.224,77.626,1.5716,1.1492
,1.4204,12.29,77.702,1.5804,1.1429
,1.4128,12.276,78.593,1.5779,1.1429
,1.4183,12.371,79.544,1.5901,1.1524
,1.4183,12.371,79.544,1.5901,1.1524
,1.4183,12.371,79.544,1.5901,1.1524
,1.413,12.402,79.436,1.5943,1.1506
,1.4082,12.439,79.195,1.5996,1.1493
,1.3984,12.416,79.079,1.5973,1.1469
,1.3937,12.452,79.313,1.602,1.1412
,1.3886,12.506,78.527,1.6103,1.1372
,1.3886,12.506,78.527,1.6103,1.1372
,1.3886,12.506,78.527,1.6103,1.1372
,1.3963,12.454,78.087,1.6036,1.1453
,1.4236,12.386,78.529,1.5935,1.1694
,1.4115,12.45,78.803,1.6022,1.1602
,1.4146,12.453,78.77,1.6028,1.1637
,1.4185,12.423,78.528,1.5992,1.1611
,1.4185,12.423,78.528,1.5992,1.1611
,1.4185,12.423,78.528,1.5992,1.1611
,1.4409,12.467,78.792,1.6043,1.1675
,1.443,12.486,79.509,1.6069,1.1654
,1.4431,12.409,80.096,1.5967,1.1712
,1.4431,12.419,79.82,1.5956,1.1719
,1.4426,12.399,79.852,1.5931,1.1671
,1.4426,12.399,79.852,1.5931,1.1671
,1.4426,12.399,79.852,1.5931,1.1671
,1.4438,12.405,80.326,1.5946,1.1674
,1.4535,12.34,80.356,1.5856,1.1717
,1.4496,12.283,80.11,1.5784,1.1705
,1.4505,12.291,80.415,1.5785,1.171
,1.4426,12.321,81.096,1.5822,1.1654
,1.4426,12.321,81.096,1.5822,1.1654
,1.4426,12.321,81.096,1.5822,1.1654
,1.439,12.189,81.851,1.5649,1.1628
,1.4266,12.18,81.887,1.5635,1.1551
,1.4303,12.126,81.655,1.5561,1.1624
,1.4255,12.112,80.858,1.5539,1.162
,1.4317,12.052,80.748,1.5457,1.1684
,1.4317,12.052,80.748,1.5457,1.1684
,1.4317,12.052,80.748,1.5457,1.1684
,1.4343,12.123,80.932,1.5553,1.1652
,1.4388,12.175,81.323,1.5622,1.1714
,1.4332,12.203,81.93,1.5679,1.1685
,1.4275,12.207,80.675,1.5705,1.164
,1.4349,12.202,80.27,1.5707,1.1625
,1.4349,12.202,80.27,1.5707,1.1625
,1.4349,12.202,80.27,1.5707,1.1625
,1.4407,12.156,80.37,1.5644,1.1638
,1.4463,12.153,80.242,1.5637,1.1675
,1.4477,12.128,80.683,1.5601,1.1662
,1.4509,12.226,81.336,1.5725,1.1726
,1.4455,12.204,81.694,1.5688,1.1721
,1.4455,12.204,81.694,1.5688,1.1721
,1.4455,12.204,81.694,1.5688,1.1721
,1.4563,12.159,82.603,1.5626,1.1792
,1.4588,12.118,82.848,1.5576,1.1817
,1.4681,12.053,83.526,1.5486,1.1919
,1.4608,12.071,83.04,1.5511,1.1914
,1.4573,12.096,81.907,1.5542,1.1897
,1.4573,12.096,81.907,1.5542,1.1897
,1.4573,12.096,81.907,1.5542,1.1897
,1.4515,12.086,82.189,1.5526,1.1908
,1.457,12.16,82.768,1.5624,1.195
,1.4646,12.204,82.632,1.5684,1.2015
,1.4693,12.195,82.482,1.5672,1.2012
,1.4669,12.189,82.839,1.5673,1.2003
,1.4669,12.189,82.839,1.5673,1.2003
,1.4669,12.189,82.839,1.5673,1.2003
,1.4669,12.189,82.839,1.5673,1.2003
,1.4649,12.194,83.004,1.568,1.1998
,1.462,12.189,82.903,1.5673,1.1988
,1.4577,11.983,81.793,1.5417,1.1962
,1.4553,12.033,82.261,1.549,1.1972
,1.4553,12.033,82.261,1.549,1.1972
,1.4553,12.033,82.261,1.549,1.1972
,1.4554,12.031,82.561,1.5488,1.1974
,1.4589,12.107,82.781,1.5584,1.1975
,1.4675,12.103,82.461,1.5579,1.2032
,1.4741,12.053,82.145,1.5521,1.2096
,1.4735,12.005,81.511,1.546,1.2101
,1.4735,12.005,81.511,1.546,1.2101
,1.4735,12.005,81.511,1.546,1.2101
,1.4732,11.994,81.098,1.5447,1.2136
,1.4653,12.011,80.1,1.5465,1.2074
,1.4675,11.962,79.867,1.5399,1.2108
,1.4583,11.912,79.003,1.5334,1.204
,1.4522,11.905,78.857,1.5328,1.2002
,1.4522,11.905,78.857,1.5328,1.2002
,1.4522,11.905,78.857,1.5328,1.2002
,1.4615,11.895,78.736,1.5311,1.2085
,1.4558,11.961,78.003,1.5401,1.2042
,1.4497,11.944,77.552,1.5388,1.1993
,1.4452,11.992,77.689,1.5451,1.1967
,1.4483,12.009,77.795,1.5472,1.1992
,1.4483,12.009,77.795,1.5472,1.1992
,1.4483,12.009,77.795,1.5472,1.1992
,1.4423,12.079,77.821,1.5566,1.1958
,1.4456,12.091,78.064,1.558,1.1982
,1.4512,12.072,78.153,1.5554,1.2019
,1.4405,12.168,78.815,1.5686,1.1933
,1.4433,12.182,77.589,1.5708,1.195
,1.4433,12.182,77.589,1.5708,1.195
,1.4433,12.182,77.589,1.5708,1.195
,1.4413,12.169,78.051,1.5686,1.1965
,1.4427,12.237,77.998,1.5778,1.1975
,1.4495,12.293,77.929,1.5851,1.2031
,1.4557,12.269,77.75,1.5821,1.2082
,1.448,12.265,77.177,1.5814,1.2016
,1.448,12.265,77.177,1.5814,1.2016
,1.448,12.265,77.177,1.5814,1.2016
,1.4572,12.213,77.259,1.5749,1.2076
,1.4559,12.248,77.94,1.5795,1.2045
,1.4509,12.327,78.13,1.5898,1.1977
,1.4466,12.318,78.388,1.5882,1.1952
,1.4466,12.233,78.049,1.5771,1.1957
,1.4466,12.233,78.049,1.5771,1.1957
,1.4466,12.233,78.049,1.5771,1.1957
,1.4413,12.253,77.658,1.58,1.1921
,1.4415,12.19,77.671,1.5721,1.1938
,1.4462,12.16,77.434,1.5683,1.1979
,1.4572,12.153,77.404,1.567,1.2071
,1.4539,12.277,77.963,1.5833,1.2032
,1.4539,12.277,77.963,1.5833,1.2032
,1.4539,12.277,77.963,1.5833,1.2032
,1.4437,12.299,77.932,1.5861,1.1956
,1.4434,12.261,77.982,1.5808,1.1956
,1.43,12.155,77.009,1.5672,1.1846
,1.4245,12.191,77.26,1.5719,1.1819
,1.4205,12.263,77.493,1.5813,1.179
,1.4205,12.263,77.493,1.5813,1.179
,1.4205,12.263,77.493,1.5813,1.179
,1.4263,12.287,78.086,1.5844,1.1834
,1.4212,12.305,77.885,1.5867,1.1794
,1.428,12.354,77.983,1.593,1.185
,1.4435,12.366,78.566,1.5944,1.1977
,1.4485,12.315,78.505,1.5872,1.2009
,1.4485,12.315,78.505,1.5872,1.2009
,1.4485,12.315,78.505,1.5872,1.2009
,1.445,12.296,78.87,1.5839,1.1981
,1.448,12.264,79.6,1.5798,1.2011
,1.4435,12.2,79.208,1.5714,1.1977
,1.4368,12.248,79.588,1.579,1.1924
,1.4418,12.241,78.575,1.578,1.1962
,1.4418,12.241,78.575,1.578,1.1962
,1.4418,12.241,78.575,1.578,1.1962
,1.4366,12.129,78.14,1.5633,1.1916
,1.443,12.126,78.076,1.5623,1.1965
,1.4566,12.195,78.594,1.5711,1.2028
,1.4513,12.161,78.919,1.5666,1.1998
,1.4551,12.275,79.273,1.5812,1.2055
,1.4551,12.275,79.273,1.5812,1.2055
,1.4551,12.275,79.273,1.5812,1.2055
,1.4566,12.323,79.707,1.5873,1.2071
,1.4491,12.314,80.022,1.5859,1.2016
,1.4442,12.299,80.266,1.5839,1.1977
,1.4467,12.271,80.941,1.5801,1.2
,1.4413,12.297,81.189,1.5834,1.1957
,1.4413,12.297,81.189,1.5834,1.1957
,1.4413,12.297,81.189,1.5834,1.1957
,1.4432,12.349,81.394,1.5896,1.1973
,1.4423,12.385,80.988,1.595,1.1963
,1.4378,12.34,80.721,1.5896,1.1919
,1.4419,12.329,81.493,1.5879,1.1965
,1.4444,12.436,81.595,1.6016,1.1992
,1.4444,12.436,81.595,1.6016,1.1992
,1.4444,12.436,81.595,1.6016,1.1992
,1.4493,12.446,81.538,1.6027,1.2033
,1.4456,12.418,81.093,1.5993,1.2011
,1.453,12.318,81.04,1.5862,1.207
,1.459,12.312,81.139,1.5855,1.2133
,1.459,12.312,81.139,1.5855,1.2133
,1.459,12.312,81.139,1.5855,1.2133
,1.459,12.312,81.139,1.5855,1.2133
,1.459,12.312,81.139,1.5855,1.2133
,1.4545,12.315,81.635,1.5859,1.2093
,1.4542,12.344,81.835,1.5898,1.2107
,1.4583,12.384,82.278,1.5949,1.2126
,1.457,12.372,81.781,1.5941,1.2124
,1.457,12.372,81.781,1.5941,1.2124
,1.457,12.372,81.781,1.5941,1.2124
,1.4617,12.284,81.78,1.5831,1.2155
,1.4596,12.376,82.099,1.5949,1.2145
,1.4688,12.405,82.803,1.5984,1.2208
,1.4712,12.429,83.511,1.6015,1.2238
,1.4677,12.506,83.945,1.6112,1.2214
,1.4677,12.506,83.945,1.6112,1.2214
,1.4677,12.506,83.945,1.6112,1.2214
,1.4717,12.48,84.541,1.608,1.2246
,1.4742,12.526,85.021,1.6141,1.2264
,1.4667,12.505,84.685,1.6117,1.2204
,1.4718,12.56,85.07,1.6187,1.2249
,1.4736,12.591,85.202,1.6226,1.2265
,1.4736,12.591,85.202,1.6226,1.2265
,1.4736,12.591,85.202,1.6226,1.2265
,1.4783,12.612,85.668,1.6254,1.2301
,1.4783,12.612,85.668,1.6254,1.2301
,1.48,12.545,85.468,1.617,1.2315
,1.4809,12.551,86.422,1.6176,1.2327
,1.4796,12.553,86.487,1.6173,1.2316
,1.4796,12.553,86.487,1.6173,1.2316
,1.4796,12.553,86.487,1.6173,1.2316
,1.4895,12.545,85.506,1.6161,1.24
,1.4897,12.536,85.793,1.6151,1.24
,1.492,12.489,86.674,1.6088,1.2423
,1.4983,12.549,86.22,1.6165,1.2472
,1.4953,12.512,86.425,1.6114,1.2449
,1.4953,12.512,86.425,1.6114,1.2449
,1.4953,12.512,86.425,1.6114,1.2449
,1.5012,12.486,86.769,1.6079,1.25
,1.5011,12.466,86.302,1.6052,1.2498
,1.5028,12.381,86.851,1.5937,1.2512
,1.4999,12.303,86.286,1.5837,1.2488
,1.4937,12.283,86.158,1.5818,1.2435
,1.4937,12.283,86.158,1.5818,1.2435
,1.4937,12.283,86.158,1.5818,1.2435
,1.4874,12.259,86.811,1.5789,1.2384
,1.4852,12.261,87.38,1.5788,1.2366
,1.4932,12.222,88.136,1.5737,1.2432
,1.4995,12.172,87.199,1.5678,1.2485
,1.5012,12.17,86.862,1.5677,1.2495
,1.5012,12.17,86.862,1.5677,1.2495
,1.5012,12.17,86.862,1.5677,1.2495
,1.5022,12.191,86.67,1.5706,1.2498
,1.503,12.162,87.218,1.5665,1.2509
,1.5055,12.103,87.674,1.5591,1.2535
,1.5014,12.04,87.002,1.5506,1.2502
,1.4917,11.879,85.117,1.5307,1.2422
,1.4917,11.879,85.117,1.5307,1.2422
,1.4917,11.879,85.117,1.5307,1.2422
,1.4854,11.938,85.634,1.5384,1.2369
,1.4826,11.904,85.379,1.5343,1.2345
,1.4893,12.014,85.729,1.5484,1.2402
,1.4854,12.085,85.584,1.5576,1.2367
,1.4867,11.971,85.592,1.5432,1.2377
,1.4867,11.971,85.592,1.5432,1.2377
,1.4867,11.971,85.592,1.5432,1.2377
,1.4869,12.049,86.575,1.5531,1.2381
,1.4943,12.057,86.723,1.554,1.244
,1.4894,12.06,86.431,1.5545,1.2402
,1.4839,12.034,86.571,1.551,1.2358
,1.4792,12.039,85.969,1.5514,1.2317
,1.4792,12.039,85.969,1.5514,1.2317
,1.4792,12.039,85.969,1.5514,1.2317
,1.4901,12.148,87.66,1.5655,1.2407
,1.4914,12.16,87.689,1.5672,1.2419
,1.49,12.229,88.51,1.5762,1.2407
,1.4883,12.183,88.404,1.5701,1.2392
,1.4933,12.1,89.111,1.5592,1.2435
,1.4933,12.1,89.111,1.5592,1.2435
,1.4933,12.1,89.111,1.5592,1.2435
,1.4957,12.07,88.684,1.5555,1.2456
,1.502,12.106,88.952,1.5602,1.2506
,1.5016,12.103,89.127,1.5599,1.2502
,1.5034,12.061,88.381,1.5545,1.2518
,1.4911,12.104,86.911,1.5605,1.2395
,1.4911,12.104,86.911,1.5605,1.2395
,1.4911,12.104,86.911,1.5605,1.2395
,1.4942,12.147,86.828,1.5661,1.2436
,1.4964,12.146,85.173,1.5665,1.2457
,1.4956,12.126,85.204,1.5637,1.245
,1.5045,12.069,85.526,1.5564,1.2525
,1.508,12.049,86.265,1.5539,1.2555
,1.508,12.049,86.265,1.5539,1.2555
,1.508,12.049,86.265,1.5539,1.2555
,1.5134,12.013,86.644,1.549,1.2601
,1.5162,12.027,85.945,1.5509,1.2625
,1.5238,12.062,86.532,1.5555,1.2688
,1.523,11.978,86.362,1.5443,1.2681
,1.525,12.003,85.326,1.5473,1.2698
,1.525,12.003,85.326,1.5473,1.2698
,1.525,12.003,85.326,1.5473,1.2698
,1.5311,12.042,85.887,1.5524,1.2749
,1.5277,12.116,85.99,1.5622,1.272
,1.5319,12.104,86.515,1.5605,1.2755
,1.5338,12.171,86.378,1.5692,1.2771
,1.5429,12.158,86.764,1.5674,1.2848
,1.5429,12.158,86.764,1.5674,1.2848
,1.5429,12.158,86.764,1.5674,1.2848
,1.5401,12.041,86.889,1.5523,1.2824
,1.5427,12.046,87.146,1.5529,1.2845
,1.5335,12.019,87.008,1.5493,1.2768
,1.5342,12.15,86.962,1.5662,1.2775
,1.5339,12.203,87.05,1.5732,1.2772
,1.5339,12.203,87.05,1.5732,1.2772
,1.5339,12.203,87.05,1.5732,1.2772
,1.54,12.178,87.285,1.5703,1.2823
,1.5325,12.149,87.208,1.5669,1.2756
,1.5255,12.109,86.631,1.5617,1.2698
,1.5213,12.114,87.214,1.562,1.2652
,1.5254,12.059,86.7,1.555,1.2699
,1.5254,12.059,86.7,1.555,1.2699
,1.5254,12.059,86.7,1.555,1.2699
,1.5111,12.076,86.462,1.5571,1.2579
,1.5144,12.154,86.317,1.5674,1.2604
,1.5228,12.13,86.663,1.5639,1.2677
,1.5259,12.121,86.416,1.5628,1.2705
,1.5277,12.1,86.236,1.5599,1.2721
,1.5277,12.1,86.236,1.5599,1.2721
,1.5277,12.1,86.236,1.5599,1.2721
,1.5277,12.175,86.865,1.5695,1.272
,1.528,12.19,87.469,1.5715,1.2723
,1.5348,12.168,87.35,1.5686,1.2778
,1.5359,12.181,87.584,1.5703,1.2789
,1.5298,12.186,87.545,1.5713,1.2736
,1.5298,12.186,87.545,1.5713,1.2736
,1.5298,12.186,87.545,1.5713,1.2736
,1.533,12.178,87.447,1.57,1.2764
,1.5234,12.229,87.328,1.5765,1.2685
,1.5243,12.256,87.677,1.58,1.2693
,1.5181,12.308,87.67,1.5867,1.2641
,1.5209,12.286,87.886,1.584,1.2665
,1.5209,12.286,87.886,1.584,1.2665
,1.5209,12.286,87.886,1.584,1.2665
,1.5156,12.264,88.045,1.5812,1.2619
,1.5113,12.247,87.909,1.579,1.2583
,1.5168,12.289,88.138,1.5844,1.2629
,1.518,12.299,88.215,1.5856,1.2641
,1.5101,12.299,88.055,1.5858,1.2575
,1.5101,12.299,88.055,1.5858,1.2575
,1.5101,12.299,88.055,1.5858,1.2575
,1.5177,12.321,88.215,1.5885,1.2639
,1.5162,12.318,88.393,1.5881,1.2625
,1.5201,12.345,88.948,1.5914,1.2653
,1.5183,12.352,88.645,1.5925,1.2601
,1.5223,12.369,88.17,1.5948,1.2552
,1.5223,12.369,88.17,1.5948,1.2552
,1.5223,12.369,88.17,1.5948,1.2552
,1.5118,12.391,88.579,1.5976,1.2505
,1.5134,12.429,88.674,1.6028,1.2534
,1.5072,12.474,88.84,1.6086,1.2473
,1.5135,12.492,89.284,1.6108,1.2477
,1.5062,12.573,88.072,1.6218,1.2385
,1.5062,12.573,88.072,1.6218,1.2385
,1.5062,12.573,88.072,1.6218,1.2385
,1.5069,12.571,87.658,1.6217,1.2392
,1.5075,12.595,87.771,1.6246,1.2446
,1.5068,12.558,87.46,1.6198,1.2458
,1.5107,12.55,87.965,1.6189,1.2497
,1.5162,12.606,86.941,1.6261,1.252
,1.5162,12.606,86.941,1.6261,1.252
,1.5162,12.606,86.941,1.6261,1.252
,1.5179,12.567,86.682,1.621,1.255
,1.5181,12.588,86.562,1.6236,1.2555
,1.5207,12.53,86.476,1.6159,1.258
,1.5221,12.573,86.068,1.6216,1.2596
,1.5161,12.563,85.644,1.6202,1.2531
,1.5161,12.563,85.644,1.6202,1.2531
,1.5161,12.563,85.644,1.6202,1.2531
,1.5151,12.508,84.538,1.6131,1.2527
,1.5116,12.524,84.62,1.615,1.2491
,1.5114,12.496,84.214,1.6113,1.2487
,1.5079,12.492,83.341,1.6109,1.2439
,1.5079,12.55,83.937,1.6187,1.2449
,1.5079,12.55,83.937,1.6187,1.2449
,1.5079,12.55,83.937,1.6187,1.2449
,1.498,12.429,84.344,1.6029,1.237
,1.4991,12.43,84.513,1.6033,1.2378
,1.5044,12.413,84.869,1.6012,1.2423
,1.501,12.437,84.471,1.6042,1.2419
,1.4994,12.466,84.942,1.6082,1.2399
,1.4994,12.466,84.942,1.6082,1.2399
,1.4994,12.466,84.942,1.6082,1.2399
,1.4974,12.452,85.164,1.6064,1.2385
,1.4933,12.488,85.161,1.6112,1.235
,1.4918,12.533,85.47,1.6168,1.2323
,1.4896,12.523,86.275,1.6157,1.2317
,1.4869,12.431,86.349,1.6038,1.2304
,1.4869,12.431,86.349,1.6038,1.2304
,1.4869,12.431,86.349,1.6038,1.2304
,1.4852,12.43,85.763,1.6038,1.2277
,1.4869,12.388,85.935,1.5984,1.229
,1.497,12.409,86.192,1.6011,1.2372
,1.5029,12.511,86.483,1.6142,1.2424
,1.509,12.486,86.569,1.6111,1.2481
,1.509,12.486,86.569,1.6111,1.2481
,1.509,12.486,86.569,1.6111,1.2481
,1.5023,12.425,86.706,1.6031,1.2429
,1.499,12.461,86.766,1.6078,1.2404
,1.4974,12.486,86.701,1.6111,1.24
,1.5031,12.52,86.761,1.6155,1.2451
,1.5061,12.424,86.261,1.603,1.2475
,1.5061,12.424,86.261,1.603,1.2475
,1.5061,12.424,86.261,1.603,1.2475
,1.5081,12.38,87.226,1.5973,1.2502
,1.5076,12.386,86.993,1.5981,1.2485
,1.5111,12.373,86.551,1.5964,1.2525
,1.5138,12.393,86.924,1.5989,1.2554
,1.5119,12.341,87.23,1.5922,1.2543
,1.5119,12.341,87.23,1.5922,1.2543
,1.5119,12.341,87.23,1.5922,1.2543
,1.5034,12.307,87.136,1.5879,1.2469
,1.5064,12.305,87.276,1.5877,1.2505
,1.5001,12.289,86.905,1.5856,1.246
,1.4951,12.276,86.605,1.5837,1.2415
,1.5007,12.313,87.633,1.5883,1.2462
,1.5007,12.313,87.633,1.5883,1.2462
,1.5007,12.313,87.633,1.5883,1.2462
,1.4996,12.317,87.493,1.5889,1.245
,1.4974,12.34,87.704,1.5919,1.2428
,1.4982,12.349,87.813,1.5933,1.2442
,1.4913,12.373,88.023,1.5963,1.2381
,1.4875,12.35,88.495,1.5935,1.2344
,1.4875,12.35,88.495,1.5935,1.2344
,1.4875,12.35,88.495,1.5935,1.2344
,1.4873,12.405,89.033,1.6006,1.2346
,1.4903,12.43,88.791,1.6039,1.2375
,1.4913,12.382,88.614,1.5977,1.2394
,1.4858,12.424,87.893,1.6031,1.2338
,1.4867,12.413,87.168,1.6016,1.2333
,1.4867,12.413,87.168,1.6016,1.2333
,1.4867,12.413,87.168,1.6016,1.2333
,1.4884,12.461,88.07,1.6078,1.2314
,1.494,12.491,88.109,1.6117,1.2311
,1.4938,12.471,87.792,1.6092,1.2317
,1.4931,12.486,87.224,1.6111,1.2325
,1.4982,12.407,87.21,1.6009,1.2405
,1.4982,12.407,87.21,1.6009,1.2405
,1.4982,12.407,87.21,1.6009,1.2405
,1.5002,12.457,87.612,1.6074,1.2432
,1.5005,12.472,87.333,1.6092,1.2385
,1.4991,12.511,87.588,1.6144,1.238
,1.4925,12.511,87.584,1.6143,1.2345
,1.4897,12.493,87.837,1.612,1.2323
,1.4897,12.493,87.837,1.612,1.2323
,1.4897,12.493,87.837,1.612,1.2323
,1.4879,12.56,88.936,1.6207,1.2315
,1.4862,12.565,88.937,1.6213,1.2303
,1.4822,12.632,88.922,1.6299,1.2253
,1.4828,12.602,89.214,1.6261,1.2276
,1.4833,12.573,89.35,1.6223,1.2282
,1.4833,12.573,89.35,1.6223,1.2282
,1.4833,12.573,89.35,1.6223,1.2282
,1.4765,12.532,88.856,1.6169,1.2232
,1.4765,12.532,88.856,1.6169,1.2232
,1.4765,12.532,88.856,1.6169,1.2232
,1.4736,12.542,88.929,1.618,1.2197
,1.4787,12.509,88.357,1.6137,1.2241
,1.4787,12.509,88.357,1.6137,1.2241
,1.4787,12.509,88.357,1.6137,1.2241
,1.4792,12.53,88.911,1.6167,1.2253
,1.4792,12.53,88.911,1.6167,1.2253
,1.4853,12.628,88.489,1.6292,1.2285
,1.4912,12.526,88.081,1.616,1.2334
,1.4886,12.417,88.224,1.6019,1.2311
,1.4886,12.417,88.224,1.6019,1.2311
,1.4886,12.417,88.224,1.6019,1.2311
,1.4891,12.451,88.713,1.6064,1.232
,1.4846,12.454,88.469,1.6066,1.2277
,1.4832,12.417,87.71,1.6019,1.2269
,1.4812,12.438,87.698,1.6046,1.2237
,1.4768,12.5,88.299,1.6125,1.2148
,1.4768,12.5,88.299,1.6125,1.2148
,1.4768,12.5,88.299,1.6125,1.2148
,1.4729,12.443,87.474,1.605,1.2031
,1.4885,12.445,87.683,1.6052,1.2045
,1.4889,12.4,87.705,1.5994,1.2047
,1.493,12.425,87.171,1.6027,1.1989
,1.4866,12.338,85.695,1.5915,1.1945
,1.4866,12.338,85.695,1.5915,1.1945
,1.4866,12.338,85.695,1.5915,1.1945
,1.4805,12.312,85.361,1.588,1.1919
,1.4748,12.296,85.201,1.586,1.191
,1.4732,12.293,84.999,1.5856,1.1895
,1.4714,12.264,85.031,1.5818,1.185
,1.4616,12.267,85.11,1.582,1.1745
,1.4616,12.267,85.11,1.582,1.1745
,1.4616,12.267,85.11,1.582,1.1745
,1.4596,12.205,84.825,1.5733,1.1703
,1.4545,12.21,84.578,1.5737,1.1715
,1.4438,12.241,84.073,1.5777,1.1651
,1.4401,12.264,84.154,1.5811,1.1669
,1.4333,12.284,84.232,1.5834,1.1605
,1.4333,12.284,84.232,1.5834,1.1605
,1.4333,12.284,84.232,1.5834,1.1605
,1.4329,12.192,83.766,1.5723,1.1602
,1.4303,12.207,83.648,1.5743,1.1629
,1.4307,12.144,83.245,1.5661,1.1586
,1.4276,12.183,83.697,1.5707,1.1596
,1.4512,12.255,84.549,1.5802,1.1815
,1.4512,12.255,84.549,1.5802,1.1815
,1.4512,12.255,84.549,1.5802,1.1815
,1.4404,12.167,84.496,1.569,1.1716
,1.431,12.097,83.975,1.5598,1.1608
,1.4278,12.073,83.774,1.5566,1.1547
,1.4304,12.026,83.632,1.5507,1.1636
,1.4299,12.01,84.095,1.5487,1.1623
,1.4299,12.01,84.095,1.5487,1.1623
,1.4299,12.01,84.095,1.5487,1.1623
,1.4308,12.013,84.126,1.5491,1.1602
,1.4288,11.994,84.052,1.5466,1.1586
,1.4138,11.872,82.791,1.531,1.1451
,1.4221,11.834,83.316,1.5258,1.1571
,1.4236,11.864,82.985,1.5296,1.16
,1.4236,11.864,82.985,1.5296,1.16
,1.4236,11.864,82.985,1.5296,1.16
,1.4,11.741,81.476,1.5137,1.1378
,1.4094,11.753,81.941,1.5148,1.1583
,1.4093,11.759,81.617,1.5158,1.1573
,1.4147,11.8,82.718,1.5213,1.1587
,1.4161,11.661,82.558,1.5034,1.1565
,1.4161,11.661,82.558,1.5034,1.1565
,1.4161,11.661,82.558,1.5034,1.1565
,1.4185,11.676,82.596,1.5054,1.1574
,1.4279,11.758,83.172,1.5159,1.1631
,1.4231,11.696,82.566,1.508,1.1569
,1.424,11.667,82.14,1.504,1.1561
,1.4185,11.656,81.719,1.5029,1.1481
,1.4185,11.656,81.719,1.5029,1.1481
,1.4185,11.656,81.719,1.5029,1.1481
,1.4152,11.541,80.957,1.4878,1.145
,1.4087,11.554,80.722,1.4896,1.1412
,1.4196,11.603,81.234,1.4959,1.1523
,1.4262,11.594,81.245,1.4944,1.1551
,1.4245,11.751,81.795,1.5146,1.1574
,1.4245,11.751,81.795,1.5146,1.1574
,1.4245,11.751,81.795,1.5146,1.1574
,1.4274,11.721,81.731,1.51,1.168
,1.4276,11.737,82.238,1.5124,1.1684
,1.4291,11.75,82.261,1.5137,1.1693
,1.4354,11.768,82.229,1.5159,1.1742
,1.432,11.787,82.506,1.5183,1.1726
,1.432,11.787,82.506,1.5183,1.1726
,1.432,11.787,82.506,1.5183,1.1726
,1.4341,11.789,82.364,1.5189,1.1743
,1.438,11.755,82.457,1.5148,1.1779
,1.4405,11.727,82.282,1.5107,1.1832
,1.4422,11.757,82.268,1.5143,1.1826
,1.4422,11.757,82.268,1.5143,1.1826
,1.4422,11.757,82.268,1.5143,1.1826
,1.4422,11.757,82.268,1.5143,1.1826
,1.4422,11.757,82.268,1.5143,1.1826
,1.4357,11.737,82.138,1.5161,1.1808
,1.4341,11.737,82.337,1.512,1.1787
,1.4343,11.743,83.035,1.5125,1.18
,1.4319,11.838,83.592,1.5244,1.1777
,1.4319,11.838,83.592,1.5244,1.1777
,1.4319,11.838,83.592,1.5244,1.1777
,1.4299,11.882,83.464,1.5304,1.1752
,1.4323,11.887,83.499,1.531,1.1741
,1.4252,11.884,83.471,1.5309,1.1699
,1.4304,11.953,83.957,1.5398,1.1737
,1.4319,11.922,83.754,1.5361,1.1769
,1.4319,11.922,83.754,1.5361,1.1769
,1.4319,11.922,83.754,1.5361,1.1769
,1.4242,11.906,83.785,1.5337,1.1725
,1.4194,11.893,82.896,1.5322,1.167
,1.4105,11.833,82.626,1.5243,1.161
,1.423,11.847,82.367,1.5261,1.1699
,1.4251,11.917,82.848,1.535,1.1704
,1.4251,11.917,82.848,1.535,1.1704
,1.4251,11.917,82.848,1.535,1.1704
,1.4233,11.821,82.437,1.5225,1.1678
,1.4347,11.843,82.906,1.5253,1.1742
,1.443,11.845,82.72,1.5256,1.173
,1.4583,12.006,83.703,1.5465,1.1823
,1.4611,12.015,84.068,1.5475,1.1905
,1.4611,12.015,84.068,1.5475,1.1905
,1.4611,12.015,84.068,1.5475,1.1905
,1.4549,12.059,84.167,1.5537,1.1848
,1.4495,12.016,83.235,1.5483,1.1844
,1.4495,12.016,83.235,1.5483,1.1844
,1.4463,12.09,83.772,1.5581,1.1812
,1.4512,12.069,83.877,1.5555,1.1861
,1.4512,12.069,83.877,1.5555,1.1861
,1.4512,12.069,83.877,1.5555,1.1861
,1.4565,12.063,84.206,1.5546,1.1861
,1.4609,12.051,83.977,1.5526,1.1846
,1.4566,12.036,83.945,1.551,1.1808
,1.4556,12.078,84.486,1.5565,1.1843
,1.4722,11.938,84.462,1.5383,1.1844
,1.4722,11.938,84.462,1.5383,1.1844
,1.4722,11.938,84.462,1.5383,1.1844
,1.4695,11.929,84.127,1.5369,1.1847
,1.4639,11.876,83.793,1.53,1.179
,1.4767,11.797,83.238,1.5198,1.1815
,1.4718,11.835,83.507,1.5245,1.1827
,1.4737,11.827,83.582,1.5234,1.1838
,1.4737,11.827,83.582,1.5234,1.1838
,1.4737,11.827,83.582,1.5234,1.1838
,1.4735,11.798,83.729,1.52,1.1826
,1.4693,11.761,83.968,1.5153,1.1777
,1.4724,11.722,83.916,1.5102,1.1686
,1.4601,11.699,83.968,1.5071,1.1694
,1.4547,11.722,84.171,1.5099,1.1669
,1.4547,11.722,84.171,1.5099,1.1669
,1.4547,11.722,84.171,1.5099,1.1669
,1.4554,11.741,84.046,1.5123,1.1688
,1.4653,11.744,84.658,1.5127,1.1692
,1.4563,11.734,84.903,1.5114,1.1669
,1.4593,11.745,85.368,1.5127,1.1686
,1.4533,11.829,86.099,1.5236,1.1714
,1.4533,11.829,86.099,1.5236,1.1714
,1.4533,11.829,86.099,1.5236,1.1714
,1.4623,11.856,86.656,1.5271,1.174
,1.4486,11.873,86.426,1.5298,1.1685
,1.4536,11.916,87.188,1.5354,1.175
,1.4553,11.993,87.815,1.5449,1.1777
,1.4417,12.091,88.903,1.5576,1.1747
,1.4417,12.091,88.903,1.5576,1.1747
,1.4417,12.091,88.903,1.5576,1.1747
,1.4575,12.059,90.363,1.5533,1.1759
,1.441,12.069,90.785,1.5544,1.1711
,1.4528,12.154,90.493,1.5652,1.1789
,1.4467,12.17,91.042,1.5674,1.1772
,1.4471,12.127,89.887,1.5623,1.1744
,1.4471,12.127,89.887,1.5623,1.1744
,1.4471,12.127,89.887,1.5623,1.1744
,1.4522,12.211,91.119,1.5736,1.1799
,1.4383,12.119,91.801,1.562,1.168
,1.4403,12.15,92.102,1.5665,1.1685
,1.4417,11.981,92.199,1.5448,1.1703
,1.4364,11.982,91.55,1.5446,1.1719
,1.4364,11.982,91.55,1.5446,1.1719
,1.4364,11.982,91.55,1.5446,1.1719
,1.4382,11.927,91.785,1.5374,1.1749
,1.4457,12.005,92.36,1.5477,1.1784
,1.4456,11.913,93.268,1.5355,1.179
,1.4448,11.85,91.962,1.5276,1.1722
,1.4393,11.838,90.668,1.5259,1.1666
,1.4393,11.838,90.668,1.5259,1.1666
,1.4393,11.838,90.668,1.5259,1.1666
,1.4412,11.808,90.66,1.5226,1.1679
,1.44,11.764,90.485,1.5173,1.1656
,1.4467,11.833,91.965,1.526,1.1776
,1.4338,11.709,90.947,1.5101,1.1631
,1.4349,11.608,90.37,1.4971,1.162
,1.4349,11.608,90.37,1.4971,1.162
,1.4349,11.608,90.37,1.4971,1.162
,1.4396,11.567,90.61,1.4914,1.1606
,1.4395,11.53,89.397,1.4864,1.1561
,1.4462,11.554,88.858,1.4895,1.1625
,1.4386,11.725,90.439,1.5116,1.1589
,1.436,11.72,90.092,1.5108,1.1592
,1.436,11.72,90.092,1.5108,1.1592
,1.436,11.72,90.092,1.5108,1.1592
,1.4333,11.675,90.13,1.5048,1.1565
,1.4231,11.707,89.251,1.509,1.1504
,1.4296,11.806,90.498,1.5219,1.1585
,1.4369,11.798,90.719,1.5209,1.1616
,1.4374,11.838,90.805,1.526,1.1629
,1.4374,11.838,90.805,1.526,1.1629
,1.4374,11.838,90.805,1.526,1.1629
,1.44,11.891,91.539,1.5327,1.1641
,1.4411,11.895,91.58,1.5334,1.1634
,1.4361,11.912,90.722,1.5356,1.1593
,1.4316,11.858,90.35,1.5285,1.1578
,1.4324,11.945,90.924,1.54,1.1614
,1.4324,11.945,90.924,1.54,1.1614
,1.4324,11.945,90.924,1.54,1.1614
,1.4281,11.922,91.325,1.5369,1.1582
,1.4221,11.878,92.636,1.5316,1.1529
,1.4101,11.785,91.801,1.5197,1.1448
,1.4171,11.81,92.042,1.5228,1.1505
,1.4211,11.753,92.589,1.5152,1.1476
,1.4211,11.753,92.589,1.5152,1.1476
,1.4211,11.753,92.589,1.5152,1.1476
,1.4292,11.898,93.378,1.5339,1.1571
,1.4222,11.897,93.276,1.5339,1.1551
,1.4334,12.006,94.812,1.5479,1.1634
,1.4277,12.022,94.328,1.5499,1.1601
,1.4292,12.041,94.391,1.5526,1.161
,1.4292,12.041,94.391,1.5526,1.161
,1.4292,12.041,94.391,1.5526,1.161
,1.4357,11.995,94.774,1.5467,1.1647
,1.4377,11.992,94.754,1.5462,1.1634
,1.4531,12.021,95.236,1.55,1.1704
,1.4563,12.084,95.555,1.5583,1.1719
,1.4479,12.123,96.485,1.5634,1.172
,1.4479,12.123,96.485,1.5634,1.172
,1.4479,12.123,96.485,1.5634,1.172
,1.4482,12.134,99.142,1.5645,1.1725
,1.4415,12.147,99.582,1.5665,1.1697
,1.4432,12.168,101.14,1.5691,1.1724
,1.4442,12.084,101.09,1.5582,1.1695
,1.4385,12.057,99.529,1.5545,1.164
,1.4385,12.057,99.529,1.5545,1.164
,1.4385,12.057,99.529,1.5545,1.164
,1.4388,12.07,100.33,1.5563,1.1648
,1.4279,12.017,104.29,1.5493,1.1616
,1.4238,11.992,106.66,1.5462,1.1585
,1.4397,12.035,103.9,1.5518,1.1697
,1.4415,12.018,102.87,1.5499,1.171
,1.4415,12.018,102.87,1.5499,1.171
,1.4415,12.018,102.87,1.5499,1.171
,1.4529,12.081,103.24,1.5579,1.1796
,1.4546,12.055,106.09,1.5546,1.1802
,1.463,12.105,104.62,1.5609,1.1851
,1.4696,12.145,103.53,1.5659,1.1861
,1.4705,12.082,101.64,1.5578,1.1876
,1.4705,12.082,101.64,1.5578,1.1876
,1.4705,12.082,101.64,1.5578,1.1876
,1.468,12.162,102.32,1.5683,1.1886
,1.4686,12.168,100.25,1.5691,1.1851
,1.4731,12.228,99.92,1.5769,1.1885
,1.4706,12.254,100.27,1.5803,1.1891
,1.4735,12.274,100.64,1.5829,1.1906
,1.4735,12.274,100.64,1.5829,1.1906
,1.4735,12.274,100.64,1.5829,1.1906
,1.4757,12.352,100.11,1.593,1.1926
,1.4737,12.333,100.8,1.5906,1.1909
,1.48,12.387,101.36,1.5975,1.1965
,1.4647,12.473,99.578,1.6087,1.1876
,1.4616,12.419,99.765,1.6019,1.1854
,1.4616,12.419,99.765,1.6019,1.1854
,1.4616,12.419,99.765,1.6019,1.1854
,1.465,12.451,100.62,1.6059,1.1888
,1.4562,12.372,100.5,1.5957,1.1844
,1.4619,12.441,100.3,1.6045,1.1881
,1.4597,12.434,99.549,1.6036,1.1879
,1.4581,12.497,100.72,1.6115,1.1905
,1.4581,12.497,100.72,1.6115,1.1905
,1.4581,12.497,100.72,1.6115,1.1905
,1.4622,12.526,101.48,1.6153,1.1961
,1.4683,12.596,101.71,1.6242,1.1983
,1.4676,12.564,101.42,1.6203,1.1989
,1.4625,12.558,99.987,1.6195,1.1913
,1.4489,12.446,98.751,1.605,1.1808
,1.4489,12.446,98.751,1.605,1.1808
,1.4489,12.446,98.751,1.605,1.1808
,1.4534,12.474,99.457,1.6086,1.1853
,1.4578,12.493,99.559,1.6111,1.1867
,1.4547,12.382,98.769,1.5968,1.1815
,1.4516,12.373,97.617,1.5956,1.1791
,1.4504,12.39,97.598,1.5979,1.1779
,1.4504,12.39,97.598,1.5979,1.1779
,1.4504,12.39,97.598,1.5979,1.1779
,1.454,12.399,98.231,1.599,1.1788
,1.4605,12.362,98.238,1.5943,1.1815
,1.4589,12.431,99.146,1.6031,1.1822
,1.4543,12.498,98.677,1.6118,1.1798
,1.4605,12.554,99.195,1.6191,1.1832
,1.4605,12.554,99.195,1.6191,1.1832
,1.4605,12.554,99.195,1.6191,1.1832
,1.4592,12.517,99.398,1.6145,1.1813
,1.4576,12.507,99.363,1.6133,1.1798
,1.4452,12.520,99.558,1.6148,1.1743
,1.4411,12.537,99.348,1.6171,1.1714
,1.4495,12.539,99.505,1.6172,1.1738
,1.4495,12.539,99.505,1.6172,1.1738
,1.4495,12.539,99.505,1.6172,1.1738
,1.4463,12.523,99.374,1.6152,1.1718
,1.4425,12.460,98.788,1.6071,1.1673
,1.4426,12.460,98.413,1.6071,1.1684
,1.4506,12.439,98.645,1.6044,1.1762
,1.4545,12.371,98.499,1.5957,1.1815
,1.4545,12.371,98.499,1.5957,1.1815
,1.4545,12.371,98.499,1.5957,1.1815
,1.4571,12.382,99.371,1.5972,1.1826
,1.4634,12.448,99.263,1.6059,1.1901
,1.4663,12.469,100.43,1.6086,1.1901
,1.4779,12.45,100.53,1.6062,1.2018
,1.4729,12.465,100.93,1.608,1.1972
,1.4729,12.465,100.93,1.608,1.1972
,1.4729,12.465,100.93,1.608,1.1972
,1.4709,12.39,101.07,1.5981,1.1932
,1.4595,12.329,101.29,1.5902,1.1839
,1.4664,12.383,101.33,1.5972,1.1906
,1.4731,12.444,101.67,1.605,1.1945
,1.4738,12.458,101.42,1.6068,1.1937
,1.4738,12.458,101.42,1.6068,1.1937
,1.4738,12.458,101.42,1.6068,1.1937
,1.4689,12.493,100.4,1.6115,1.1922
,1.4708,12.483,100.13,1.6103,1.1926
,1.4711,12.518,100.9,1.6149,1.1938
,1.4752,12.507,101.55,1.6134,1.1976
,1.4744,12.56,101.86,1.6201,1.1985
,1.4744,12.56,101.86,1.6201,1.1985
,1.4744,12.56,101.86,1.6201,1.1985
,1.4747,12.551,101.17,1.6188,1.1979
,1.4687,12.528,100.97,1.616,1.1929
,1.4753,12.638,101.32,1.6301,1.199
,1.4809,12.663,101.94,1.6334,1.2017
,1.4768,12.672,102.04,1.6345,1.2008
,1.4768,12.672,102.04,1.6345,1.2008
,1.4768,12.672,102.04,1.6345,1.2008
,1.4916,12.703,102.12,1.6386,1.2106
,1.4856,12.727,102.37,1.6416,1.209
,1.4781,12.697,101.46,1.6376,1.2048
,1.475,12.68,100.88,1.6353,1.2029
,1.4634,12.675,100.69,1.6345,1.1965
,1.4634,12.675,100.69,1.6345,1.1965
,1.4634,12.675,100.69,1.6345,1.1965
,1.4602,12.702,100.15,1.6382,1.1938
,1.4602,12.745,100.32,1.6439,1.1955
,1.4542,12.705,100.45,1.6384,1.1901
,1.4542,12.719,101.72,1.6405,1.1909
,1.4491,12.615,101.14,1.627,1.1853
,1.4491,12.615,101.14,1.627,1.1853
,1.4491,12.615,101.14,1.627,1.1853
,1.4472,12.658,100.81,1.6325,1.185
,1.4435,12.606,100.62,1.6259,1.1826
,1.4535,12.687,101.64,1.6366,1.1903
,1.4686,12.692,102.11,1.637,1.1977
,1.469,12.684,101.48,1.6357,1.1979
,1.469,12.684,101.48,1.6357,1.1979
,1.469,12.684,101.48,1.6357,1.1979
,1.4632,12.683,101.11,1.6357,1.1937
,1.4644,12.693,101.14,1.6368,1.1961
,1.4644,12.693,101.14,1.6368,1.1961
,1.4644,12.693,101.14,1.6368,1.1961
,1.4623,12.804,102.34,1.6511,1.1952
,1.4623,12.804,102.34,1.6511,1.1952
,1.4623,12.804,102.34,1.6511,1.1952
,1.4657,12.779,101.99,1.6479,1.1956
,1.4725,12.826,102.39,1.6542,1.1995
,1.4725,12.826,102.39,1.6542,1.1995
,1.486,12.787,102.69,1.6491,1.2074
,1.4822,12.732,102.12,1.6418,1.2042
,1.4822,12.732,102.12,1.6418,1.2042
,1.4822,12.732,102.12,1.6418,1.2042
,1.4837,12.704,101.97,1.6382,1.2044
,1.4879,12.726,102.06,1.6412,1.2032
,1.4961,12.736,101.87,1.6424,1.2082
,1.4978,12.783,102.38,1.6484,1.211
,1.4906,12.725,101.58,1.6409,1.2077
,1.4906,12.725,101.58,1.6409,1.2077
,1.4906,12.725,101.58,1.6409,1.2077
,1.4839,12.731,100.91,1.6417,1.2024
,1.4834,12.746,101.07,1.6438,1.2027
,1.4881,12.708,100.86,1.6389,1.2045
,1.4841,12.671,100.59,1.634,1.2017
,1.4926,12.752,101.2,1.6442,1.2104
,1.4926,12.752,101.2,1.6442,1.2104
,1.4926,12.752,101.2,1.6442,1.2104
,1.4932,12.736,101.11,1.642,1.2104
,1.4998,12.735,101.86,1.6417,1.2137
,1.5073,12.849,102.51,1.6564,1.221
,1.4989,12.877,102.7,1.6598,1.2169
,1.4782,12.816,103.35,1.6508,1.2061
,1.4782,12.816,103.35,1.6508,1.2061
,1.4782,12.816,103.35,1.6508,1.2061
,1.4868,12.854,104.46,1.6554,1.212
,1.4921,12.878,103.7,1.6587,1.2153
,1.4907,12.852,103.53,1.6553,1.2164
,1.4849,12.797,103.28,1.6477,1.2139
,1.4878,12.78,103.11,1.6456,1.2175
,1.4878,12.78,103.11,1.6456,1.2175
,1.4878,12.78,103.11,1.6456,1.2175
,1.4803,12.787,102.16,1.6343,1.2108
,1.4734,12.661,101.96,1.6307,1.2062
,1.4686,12.632,101.84,1.6274,1.2016
,1.475,12.634,101.64,1.6284,1.2066
,1.4719,12.693,101.91,1.6327,1.2028
,1.4719,12.693,101.91,1.6327,1.2028
,1.4719,12.693,101.91,1.6327,1.2028
,1.4711,12.721,102.26,1.64,1.2025
,1.4728,12.768,102.43,1.6462,1.2037
,1.4909,12.813,102.6,1.652,1.2171
,1.487,12.911,103.77,1.6646,1.2173
,1.4897,12.959,103.5,1.6709,1.219
,1.4897,12.959,103.5,1.6709,1.219
,1.4897,12.959,103.5,1.6709,1.219
,1.4925,12.974,103.48,1.673,1.2212
,1.4844,12.935,103.59,1.6678,1.2146
,1.4803,12.919,103.66,1.6659,1.212
,1.4845,12.932,103.99,1.6674,1.2165
,1.4839,12.936,103.62,1.6679,1.2168
,1.4839,12.936,103.62,1.6679,1.2168
,1.4839,12.936,103.62,1.6679,1.2168
,1.4805,12.918,103.37,1.6656,1.2126
,1.4798,12.952,103.33,1.6693,1.2137
,1.4829,12.946,103.68,1.6686,1.2157
,1.4824,12.916,103.18,1.6647,1.219
,1.4709,12.971,103.24,1.6718,1.2103
,1.4709,12.971,103.24,1.6718,1.2103
,1.4709,12.971,103.24,1.6718,1.2103
,1.4737,12.979,103.75,1.6728,1.215
,1.4761,12.957,103.29,1.6697,1.2127
,1.483,12.97,103.2,1.6712,1.217
,1.4804,12.955,102.01,1.6693,1.2145
,1.4715,13.014,102.4,1.677,1.207
,1.4715,13.014,102.4,1.677,1.207
,1.4715,13.014,102.4,1.677,1.207
,1.4622,12.921,101.29,1.6648,1.1993
,1.4605,12.896,101.27,1.6615,1.1996
,1.4546,12.902,101.71,1.6613,1.1963
,1.4555,12.958,102.1,1.6688,1.197
,1.4491,12.887,101.54,1.6595,1.1952
,1.4491,12.887,101.54,1.6595,1.1952
,1.4491,12.887,101.54,1.6595,1.1952
,1.4525,12.905,101.87,1.6619,1.1951
,1.4508,12.88,101.4,1.6584,1.1929
,1.454,12.909,101.33,1.6626,1.195
,1.4607,12.803,101.14,1.649,1.1983
,1.4577,12.799,100.46,1.6489,1.1966
,1.4577,12.799,100.46,1.6489,1.1966
,1.4577,12.799,100.46,1.6489,1.1966
,1.46,12.792,100.23,1.6488,1.197
,1.4611,12.813,99.848,1.6518,1.1979
,1.4655,12.835,99.43,1.6544,1.1996
,1.4724,12.895,100.3,1.6622,1.2082
,1.4732,12.904,100.31,1.6633,1.2089
,1.4732,12.904,100.31,1.6633,1.2089
,1.4732,12.904,100.31,1.6633,1.2089
,1.4723,12.916,99.708,1.6648,1.2074
,1.4686,12.901,99.729,1.663,1.206
,1.4722,12.924,99.735,1.6661,1.2077
,1.4715,12.875,99.876,1.6598,1.2053
,1.48,12.856,99.758,1.6572,1.2096
,1.48,12.856,99.758,1.6572,1.2096
,1.48,12.856,99.758,1.6572,1.2096
,1.4753,12.867,99.868,1.6592,1.209
,1.4802,12.959,100.48,1.6712,1.2133
,1.4791,12.983,100.7,1.6745,1.214
,1.4724,12.997,100.84,1.6764,1.2089
,1.4668,12.975,100.68,1.6731,1.2061
,1.4668,12.975,100.68,1.6731,1.2061
,1.4668,12.975,100.68,1.6731,1.2061
,1.4689,12.957,100.56,1.6711,1.2086
,1.474,12.972,100.76,1.6729,1.212
,1.477,13.026,101.38,1.6798,1.2137
,1.477,13.034,101.4,1.6808,1.2132
,1.477,13.034,101.4,1.6808,1.2132
,1.477,13.034,101.4,1.6808,1.2132
,1.477,13.034,101.4,1.6808,1.2132
,1.477,13.034,101.4,1.6808,1.2132
,1.4886,13.055,102.34,1.684,1.2188
,1.4805,13.018,102.65,1.6791,1.2137
,1.4827,13.02,102.58,1.6792,1.2151
,1.4819,13.032,102.02,1.6809,1.2153
,1.4819,13.032,102.02,1.6809,1.2153
,1.4819,13.032,102.02,1.6809,1.2153
,1.4804,13.06,102.14,1.6846,1.2154
,1.4838,13.038,101.61,1.6816,1.2162
,1.4824,13.047,101.38,1.6829,1.2151
,1.4824,13.047,101.38,1.6829,1.2151
,1.4839,13.083,101.65,1.6876,1.2174
,1.4839,13.083,101.65,1.6876,1.2174
,1.4839,13.083,101.65,1.6876,1.2174
,1.4793,13.07,101.32,1.6859,1.2152
,1.4819,13.165,102.06,1.6982,1.2178
,1.4848,13.154,101.93,1.697,1.2185
,1.4792,13.137,101.59,1.6948,1.2146
,1.4911,13.071,101.22,1.6863,1.2236
,1.4911,13.071,101.22,1.6863,1.2236
,1.4911,13.071,101.22,1.6863,1.2236
,1.498,13.09,101.4,1.6886,1.2268
,1.499,13.05,100.38,1.6835,1.2286
,1.4919,13.006,99.768,1.6778,1.2229
,1.4999,12.988,99.343,1.6755,1.2267
,1.4985,13.03,99.032,1.6809,1.2273
,1.4985,13.03,99.032,1.6809,1.2273
,1.4985,13.03,99.032,1.6809,1.2273
,1.5011,13.051,98.453,1.6836,1.2276
,1.5016,13.05,98.708,1.6833,1.2285
,1.5093,13.1,99.317,1.6896,1.2355
,1.5073,13.077,98.597,1.6866,1.234
,1.5086,13.055,98.532,1.6841,1.2356
,1.5086,13.055,98.532,1.6841,1.2356
,1.5086,13.055,98.532,1.6841,1.2356
,1.5076,13.053,98.849,1.6835,1.2347
,1.5069,13.038,98.947,1.6816,1.233
,1.5046,12.984,98.694,1.6748,1.2308
,1.4991,12.957,98.559,1.6712,1.2277
,1.5009,12.974,98.883,1.6735,1.2299
,1.5009,12.974,98.883,1.6735,1.2299
,1.5009,12.974,98.883,1.6735,1.2299
,1.5025,12.983,99.05,1.6744,1.2302
,1.4994,12.985,99.5,1.6748,1.2274
,1.5011,12.995,99.516,1.6761,1.23
,1.5056,12.981,99.106,1.6743,1.2341
,1.5028,13.044,99.577,1.6825,1.2333
,1.5028,13.044,99.577,1.6825,1.2333
,1.5028,13.044,99.577,1.6825,1.2333
,1.5056,13.025,99.284,1.6803,1.2348
,1.5093,13.004,99.339,1.6776,1.2384
,1.5092,13.013,99.573,1.6787,1.2392
,1.5144,13.044,99.529,1.6828,1.2439
,1.5263,13.148,101.41,1.6962,1.2533
,1.5263,13.148,101.41,1.6962,1.2533
,1.5263,13.148,101.41,1.6962,1.2533
,1.527,13.154,102.11,1.697,1.2541
,1.5246,13.157,102.06,1.6973,1.2509
,1.5215,13.133,102.22,1.6943,1.2492
,1.5215,13.198,102.23,1.7028,1.2502
,1.5259,13.207,102.56,1.7038,1.2539
,1.5259,13.207,102.56,1.7038,1.2539
,1.5259,13.207,102.56,1.7038,1.2539
,1.522,13.183,102.31,1.7008,1.2509
,1.5188,13.17,102.15,1.6991,1.2477
,1.5167,13.155,102.05,1.6971,1.2465
,1.5222,13.199,102.47,1.7027,1.2514
,1.5209,13.202,102.37,1.7032,1.2505
,1.5209,13.202,102.37,1.7032,1.2505
,1.5209,13.202,102.37,1.7032,1.2505
,1.5167,13.207,102.56,1.7041,1.2477
,1.5209,13.292,103.03,1.7151,1.253
,1.5251,13.299,102.2,1.716,1.2566
,1.525,13.279,102.19,1.7132,1.2555
,1.5342,13.287,102.41,1.7144,1.2617
,1.5342,13.287,102.41,1.7144,1.2617
,1.5342,13.287,102.41,1.7144,1.2617
,1.5311,13.27,102.76,1.7122,1.2597
,1.5311,13.267,102.35,1.7118,1.2597
,1.5283,13.252,102.19,1.7099,1.257
,1.5273,13.261,103.02,1.7111,1.2578
,1.5292,13.268,102.72,1.712,1.2593
,1.5292,13.268,102.72,1.712,1.2593
,1.5292,13.268,102.72,1.712,1.2593
,1.5239,13.258,102.72,1.7106,1.2553
,1.531,13.302,103.17,1.7164,1.2609
,1.5382,13.271,102.87,1.7123,1.2653
,1.5358,13.255,102.9,1.7101,1.2644
,1.5342,13.244,103.1,1.7087,1.2633
,1.5342,13.244,103.1,1.7087,1.2633
,1.5342,13.244,103.1,1.7087,1.2633
,1.5343,13.239,102.99,1.7079,1.2634
,1.5371,13.219,102.7,1.7054,1.265
,1.5364,13.197,102.25,1.7027,1.2645
,1.5341,13.181,102.26,1.7007,1.2624
,1.536,13.166,102.09,1.6988,1.264
,1.536,13.166,102.09,1.6988,1.264
,1.536,13.166,102.09,1.6988,1.264
,1.5369,13.169,102.06,1.6992,1.2649
,1.5336,13.135,101.98,1.6947,1.262
,1.5366,13.118,101.71,1.6927,1.2631
,1.5349,13.079,102.19,1.6876,1.2614
,1.5278,13.04,103.03,1.6826,1.2561
,1.5278,13.04,103.03,1.6826,1.2561
,1.5278,13.04,103.03,1.6826,1.2561
,1.5262,13.048,102.59,1.6836,1.2544
,1.5336,13.063,102.62,1.6856,1.2596
,1.5327,13.043,103.48,1.6832,1.2613
,1.5302,13.049,103.09,1.6836,1.2594
,1.5234,13.025,102.83,1.6804,1.2552
,1.5234,13.025,102.83,1.6804,1.2552
,1.5234,13.025,102.83,1.6804,1.2552
,1.5213,13.011,102.6,1.6783,1.2538
,1.5258,13.004,102.84,1.6777,1.2571
,1.5174,12.949,102.33,1.6706,1.2505
,1.5125,12.931,101.49,1.6683,1.2475
,1.5102,12.936,101.59,1.669,1.2466
,1.5102,12.936,101.59,1.669,1.2466
,1.5102,12.936,101.59,1.669,1.2466
,1.513,12.963,101.77,1.6725,1.2497
,1.508,12.895,101.04,1.6637,1.2459
,1.5169,12.901,101.05,1.6645,1.253
,1.515,12.86,100.67,1.6593,1.2512
,1.5119,12.848,100.33,1.6578,1.2495
,1.5119,12.848,100.33,1.6578,1.2495
,1.5119,12.848,100.33,1.6578,1.2495
,1.5191,12.857,100.46,1.659,1.2568
,1.5182,12.844,100.29,1.6572,1.2562
,1.5199,12.862,100.32,1.6596,1.2594
,1.5179,12.855,100.56,1.6587,1.2587
,1.5165,12.852,100.35,1.6582,1.2574
,1.5165,12.852,100.35,1.6582,1.2574
,1.5165,12.852,100.35,1.6582,1.2574
,1.5276,12.88,100.6,1.6619,1.2654
,1.5217,12.813,100.33,1.6532,1.2606
,1.5125,12.764,99.495,1.6469,1.2523
,1.5198,12.717,98.865,1.6408,1.2607
,1.5183,12.63,98.438,1.6296,1.2586
,1.5183,12.63,98.438,1.6296,1.2586
,1.5183,12.63,98.438,1.6296,1.2586
,1.5042,12.506,97.219,1.6136,1.2463
,1.5066,12.492,97.68,1.6117,1.2492
,1.5066,12.506,98.357,1.6136,1.248
,1.5205,12.591,99.023,1.6245,1.2566
,1.5176,12.581,98.666,1.6233,1.2553
,1.5176,12.581,98.666,1.6233,1.2553
,1.5176,12.581,98.666,1.6233,1.2553
,1.5176,12.581,98.666,1.6233,1.2553
,1.522,12.588,99.278,1.6241,1.2579
,1.5121,12.559,98.957,1.6202,1.2513
,1.5248,12.654,99.454,1.6326,1.2601
,1.5332,12.657,99.676,1.6329,1.2686
,1.5343,12.666,99.401,1.6341,1.2715
,1.5343,12.666,99.401,1.6341,1.2715
,1.5343,12.666,99.401,1.6341,1.2715
,1.5343,12.658,99.427,1.633,1.2713
,1.5355,12.714,99.974,1.6402,1.2723
,1.5438,12.709,100.01,1.6395,1.2783
,1.5474,12.63,100.06,1.6289,1.2814
,1.5462,12.652,99.89,1.6308,1.2809
,1.5462,12.652,99.89,1.6308,1.2809
,1.5462,12.652,99.89,1.6308,1.2809
,1.5422,12.601,99.984,1.6227,1.2776
,1.5519,12.574,100.16,1.6188,1.2865
,1.5513,12.572,99.956,1.6195,1.285
,1.5446,12.532,99.796,1.6144,1.2781
,1.5395,12.467,99.316,1.6066,1.2735
,1.5395,12.467,99.316,1.6066,1.2735
,1.5395,12.467,99.316,1.6066,1.2735
,1.5425,12.404,98.314,1.5991,1.2727
,1.5453,12.47,98.774,1.608,1.2755
,1.5416,12.463,98.64,1.6067,1.2706
,1.5374,12.57,98.794,1.6207,1.2698
,1.5341,12.442,98.345,1.6034,1.2687
,1.5341,12.442,98.345,1.6034,1.2687
,1.5341,12.442,98.345,1.6034,1.2687
,1.5326,12.484,98.142,1.609,1.269
,1.5203,12.346,97.827,1.5917,1.2587
,1.5172,12.346,97.777,1.5918,1.2568
,1.5133,12.408,98.95,1.5996,1.2547
,1.5178,12.505,99.022,1.6119,1.2571
,1.5178,12.505,99.022,1.6119,1.2571
,1.5178,12.505,99.022,1.6119,1.2571
,1.5244,12.521,98.929,1.614,1.2636
,1.5276,12.53,98.867,1.6154,1.2658
,1.5251,12.448,98.26,1.6049,1.2644
,1.5267,12.434,98.071,1.6029,1.2652
,1.5291,12.452,98.205,1.605,1.2679
,1.5291,12.452,98.205,1.605,1.2679
,1.5291,12.452,98.205,1.605,1.2679
,1.5322,12.496,98.753,1.6108,1.2705
,1.5298,12.548,99.047,1.6176,1.2689
,1.5246,12.489,98.694,1.6103,1.2643
,1.5319,12.412,98.316,1.6004,1.2703
,1.5387,12.384,97.996,1.5969,1.2751
,1.5387,12.384,97.996,1.5969,1.2751
,1.5387,12.384,97.996,1.5969,1.2751
,1.5437,12.407,98.243,1.5999,1.2807
,1.5418,12.407,98.276,1.6005,1.2789
,1.5355,12.335,97.859,1.5912,1.275
,1.5322,12.345,97.892,1.5922,1.272
,1.5369,12.265,97.505,1.582,1.2765
,1.5369,12.265,97.505,1.582,1.2765
,1.5369,12.265,97.505,1.582,1.2765
,1.5318,12.331,97.803,1.5902,1.2736
,1.5345,12.294,97.58,1.5855,1.2762
,1.5258,12.269,97.189,1.5821,1.269
,1.519,12.209,96.852,1.5743,1.2639
,1.5125,12.139,96.769,1.5655,1.2588
,1.5125,12.139,96.769,1.5655,1.2588
,1.5125,12.139,96.769,1.5655,1.2588
,1.5037,12.129,96.708,1.5642,1.2517
,1.5028,12.14,96.666,1.5654,1.2509
,1.5024,12.157,97.179,1.5676,1.2505
,1.5038,12.173,97.201,1.5695,1.2517
,1.518,12.164,96.69,1.5682,1.2625
,1.518,12.164,96.69,1.5682,1.2625
,1.518,12.164,96.69,1.5682,1.2625
,1.5193,12.16,97.055,1.5677,1.2633
,1.5172,12.152,96.979,1.5669,1.2612
,1.5205,12.23,97.551,1.5772,1.2643
,1.5179,12.216,97.5,1.5758,1.2626
,1.5111,12.172,97.506,1.5696,1.2574
,1.5111,12.172,97.506,1.5696,1.2574
,1.5111,12.172,97.506,1.5696,1.2574
,1.5173,12.198,97.586,1.573,1.2615
,1.5171,12.141,96.879,1.5655,1.2601
,1.5304,12.159,96.945,1.5684,1.2719
,1.531,12.141,96.942,1.5661,1.2721
,1.5253,12.159,96.915,1.5686,1.2689
,1.5253,12.159,96.915,1.5686,1.2689
,1.5253,12.159,96.915,1.5686,1.2689
,1.5326,12.111,96.751,1.5625,1.2747
,1.5214,12.136,96.996,1.5654,1.2656
,1.5225,12.163,97.402,1.5691,1.2662
,1.5153,12.154,97.848,1.5678,1.2615
,1.5155,12.179,98.13,1.571,1.2618
,1.5155,12.179,98.13,1.571,1.2618
,1.5155,12.179,98.13,1.571,1.2618
,1.5135,12.139,99.02,1.5658,1.2601
,1.5077,12.204,100.72,1.574,1.2555
,1.5141,12.168,99.845,1.5693,1.2607
,1.5324,12.116,98.509,1.562,1.2715
,1.5342,12.136,99.06,1.5648,1.2744
,1.5342,12.136,99.06,1.5648,1.2744
,1.5342,12.136,99.06,1.5648,1.2744
,1.5333,12.116,98.709,1.5619,1.274
,1.5294,12.045,98.257,1.5524,1.2711
,1.5289,12.059,98.613,1.5536,1.2715
,1.5289,12.059,98.613,1.5536,1.2715
,1.5289,12.059,98.613,1.5536,1.2715
,1.5289,12.059,98.613,1.5536,1.2715
,1.5289,12.059,98.613,1.5536,1.2715
,1.5338,12.067,99.039,1.5553,1.2752
,1.5375,12.059,98.643,1.5544,1.2783
,1.5437,12.09,98.497,1.5587,1.2839
,1.5437,12.09,98.497,1.5587,1.2839
,1.5413,11.975,97.821,1.544,1.2821
,1.5413,11.975,97.821,1.544,1.2821
,1.5413,11.975,97.821,1.544,1.2821
,1.5352,11.806,96.609,1.5223,1.2776
,1.532,11.78,96.583,1.5193,1.2752
,1.5353,11.727,95.542,1.5123,1.2783
,1.5376,11.684,94.264,1.5066,1.2802
,1.5399,11.744,94.401,1.5147,1.2822
,1.5399,11.744,94.401,1.5147,1.2822
,1.5399,11.744,94.401,1.5147,1.2822
,1.5415,11.747,94.184,1.5151,1.2835
,1.5463,11.761,94.115,1.5169,1.2875
,1.5491,11.776,94.45,1.5188,1.2898
,1.3399,11.829,94.286,1.5261,1.3034
,1.3262,11.762,93.866,1.5173,1.3094
,1.3262,11.762,93.866,1.5173,1.3094
,1.3262,11.762,93.866,1.5173,1.3094
,1.3205,11.738,93.447,1.5142,1.3048
,1.3208,11.755,93.558,1.5162,1.3094
,1.3032,11.717,93.057,1.5113,1.3036
,1.3008,11.784,93.563,1.5199,1.3082
,1.3135,11.616,92.153,1.4985,1.3382
,1.3135,11.616,92.153,1.4985,1.3382
,1.3135,11.616,92.153,1.4985,1.3382
,1.3371,11.639,92.221,1.5013,1.3352
,1.361,11.73,92.875,1.513,1.3382
,1.3718,11.779,93.3,1.5194,1.3394
,1.3871,11.731,93.668,1.5132,1.3373
,1.3937,11.668,93.347,1.5051,1.3314
,1.3937,11.668,93.347,1.5051,1.3314
,1.3937,11.668,93.347,1.5051,1.3314
,1.3977,11.653,92.976,1.5028,1.3287
,1.3961,11.7,93.121,1.5089,1.3263
,1.4106,11.809,94.164,1.5229,1.3305
,1.415,11.822,94.151,1.525,1.3365
,1.4096,11.875,94.533,1.5318,1.3382
,1.4096,11.875,94.533,1.5318,1.3382
,1.4096,11.875,94.533,1.5318,1.3382
,1.4063,11.789,94.473,1.5206,1.3486
,1.4093,11.805,94.692,1.5225,1.3477
,1.415,11.861,95.388,1.5297,1.3521
,1.4315,11.91,95.644,1.5358,1.3557
,1.429,11.926,95.603,1.5378,1.3512
,1.429,11.926,95.603,1.5378,1.3512
,1.429,11.926,95.603,1.5378,1.3512
,1.4319,11.926,95.639,1.5373,1.3475
,1.4301,11.914,95.493,1.5355,1.3452
,1.4524,11.968,96.107,1.5426,1.3565
,1.4631,11.971,96,1.5432,1.3552
,1.4586,11.926,95.689,1.5376,1.3609
,1.4586,11.926,95.689,1.5376,1.3609
,1.4586,11.926,95.689,1.5376,1.3609
,1.4591,11.919,95.761,1.5367,1.3602
,1.4645,11.966,95.946,1.5425,1.3617
,1.4701,12.008,95.945,1.5483,1.3646
,1.4717,12.02,95.718,1.5501,1.3697
,1.4614,11.977,95.469,1.5444,1.374
,1.4614,11.977,95.469,1.5444,1.374
,1.4614,11.977,95.469,1.5444,1.374
,1.4702,11.936,95.341,1.5392,1.371
,1.4755,11.903,95.045,1.5349,1.3744
,1.4732,11.884,95.416,1.5324,1.3776
,1.4752,11.839,95.035,1.5265,1.3791
,1.482,11.78,94.746,1.5184,1.385
,1.482,11.78,94.746,1.5184,1.385
,1.482,11.78,94.746,1.5184,1.385
,1.4878,11.726,94.727,1.5113,1.3916
,1.5015,11.69,94.585,1.5065,1.4029
,1.5145,11.67,94.393,1.5035,1.4214
,1.4999,11.626,93.465,1.4967,1.4102
,1.4887,11.48,93.161,1.4781,1.3981
,1.4887,11.48,93.161,1.4781,1.3981
,1.4887,11.48,93.161,1.4781,1.3981
,1.4886,11.496,93.079,1.4804,1.4023
,1.4807,11.469,92.667,1.4772,1.389
,1.4698,11.366,91.944,1.465,1.3831
,1.475,11.533,93.025,1.4864,1.3922
,1.4544,11.525,92.583,1.4853,1.3784
,1.4544,11.525,92.583,1.4853,1.3784
,1.4544,11.525,92.583,1.4853,1.3784
,1.4432,11.564,92.863,1.4911,1.3665
,1.4285,11.562,92.931,1.491,1.3617
,1.428,11.567,93.028,1.4915,1.3578
,1.4242,11.544,93.379,1.4887,1.3567
,1.4355,11.535,92.998,1.4875,1.3702
,1.4355,11.535,92.998,1.4875,1.3702
,1.4355,11.535,92.998,1.4875,1.3702
,1.4245,11.477,92.683,1.4799,1.3646
,1.4386,11.47,92.498,1.4793,1.3749
,1.4312,11.446,92.266,1.4763,1.3727
,1.4215,11.476,92.049,1.4803,1.3669
,1.4215,11.476,92.049,1.4803,1.3669
,1.4215,11.476,92.049,1.4803,1.3669
,1.4215,11.476,92.049,1.4803,1.3669
,1.4215,11.476,92.049,1.4803,1.3669
,1.4326,11.541,92.778,1.4887,1.3725
,1.4369,11.589,93.076,1.4953,1.3767
,1.4374,11.489,92.201,1.4824,1.3759
,1.4343,11.309,90.986,1.4591,1.3805
,1.4343,11.309,90.986,1.4591,1.3805
,1.4343,11.309,90.986,1.4591,1.3805
,1.4377,11.335,91.292,1.4625,1.386
,1.4333,11.344,91.319,1.4638,1.3856
,1.4399,11.44,92.052,1.4759,1.3951
,1.4365,11.55,92.763,1.4899,1.391
,1.4303,11.643,93.727,1.5022,1.3891
,1.4303,11.643,93.727,1.5022,1.3891
,1.4303,11.643,93.727,1.5022,1.3891
,1.4291,11.554,93.845,1.4902,1.3898
,1.4265,11.538,93.654,1.4888,1.3914
,1.448,11.679,94.855,1.5069,1.4027
,1.4481,11.644,95.134,1.5024,1.3947
,1.4441,11.718,96.103,1.5119,1.3968
,1.4441,11.718,96.103,1.5119,1.3968
,1.4441,11.718,96.103,1.5119,1.3968
,1.4475,11.711,96.052,1.511,1.3963
,1.4635,11.846,96.501,1.5283,1.3986
,1.465,11.909,97.45,1.5364,1.3965
,1.443,11.962,97.998,1.5433,1.3761
,1.443,11.962,97.998,1.5433,1.3761
,1.443,11.962,97.998,1.5433,1.3761
,1.443,11.962,97.998,1.5433,1.3761
,1.4136,11.717,96.216,1.5114,1.3552
,1.4117,11.724,95.938,1.5125,1.3605
,1.4065,11.802,96.74,1.5225,1.3557
,1.393,11.804,97.681,1.5226,1.3468
,1.4265,11.951,98.631,1.5413,1.3736
,1.4265,11.951,98.631,1.5413,1.3736
,1.4265,11.951,98.631,1.5413,1.3736
,1.4457,12.004,98.854,1.5484,1.3897
,1.4511,12.163,100.86,1.5688,1.3959
,1.4511,12.125,100.12,1.5641,1.3939
,1.4363,12.24,100.56,1.5792,1.3829
,1.451,12.176,100.01,1.5709,1.3868
,1.451,12.176,100.01,1.5709,1.3868
,1.451,12.176,100.01,1.5709,1.3868
,1.4418,12.143,99.741,1.5666,1.3755
,1.4435,12.006,98.657,1.5488,1.3853
,1.4572,12.043,99.101,1.5534,1.3972
,1.4641,12.16,99.761,1.5682,1.4086
,1.4594,12.124,99.27,1.564,1.401
,1.4594,12.124,99.27,1.564,1.401
,1.4594,12.124,99.27,1.564,1.401
,1.4576,11.986,98.276,1.5462,1.4085
,1.4587,11.937,98.428,1.5397,1.4092
,1.4612,11.913,98.414,1.5365,1.4144
,1.452,11.859,97.615,1.5295,1.4037
,1.4382,11.829,97.343,1.5257,1.3908
,1.4382,11.829,97.343,1.5257,1.3908
,1.4382,11.829,97.343,1.5257,1.3908
,1.4364,11.8,96.924,1.5216,1.3903
,1.4346,11.81,97.204,1.5227,1.3806
,1.4333,11.867,97.804,1.5304,1.3746
,1.4347,11.93,98.499,1.5389,1.3598
,1.432,11.887,97.8,1.5331,1.3667
,1.432,11.887,97.8,1.5331,1.3667
,1.432,11.887,97.8,1.5331,1.3667
,1.4307,11.825,97.753,1.5253,1.3665
,1.423,11.859,97.858,1.5296,1.3598
,1.4396,12.005,98.908,1.5485,1.3729
,1.4483,11.984,98.905,1.5458,1.3763
,1.445,12.007,99.237,1.5487,1.3803
,1.445,12.007,99.237,1.5487,1.3803
,1.445,12.007,99.237,1.5487,1.3803
,1.4531,12.023,99.507,1.5507,1.3824
,1.4571,12.107,100.42,1.5615,1.3924
,1.4576,12.196,100.9,1.5731,1.3947
,1.4596,12.336,101.41,1.5912,1.3953
,1.4647,12.277,100.67,1.5838,1.4017
,1.4647,12.277,100.67,1.5838,1.4017
,1.4647,12.277,100.67,1.5838,1.4017
,1.4556,12.267,100.53,1.5825,1.3949
,1.4715,12.232,100.37,1.5778,1.4083
,1.468,12.212,100.17,1.5753,1.4049
,1.4745,12.19,99.986,1.5726,1.4033
,1.4667,12.192,100.02,1.5727,1.4039
,1.4667,12.192,100.02,1.5727,1.4039
,1.4667,12.192,100.02,1.5727,1.4039
,1.4645,12.182,100.31,1.5713,1.4114
,1.4637,12.193,100.07,1.5728,1.4057
,1.4748,12.136,99.572,1.5655,1.4103
,1.4792,12.076,98.948,1.5579,1.4079
,1.4737,12.112,99.115,1.5624,1.4081
,1.4737,12.112,99.115,1.5624,1.4081
,1.4737,12.112,99.115,1.5624,1.4081
,1.472,12.053,98.644,1.5548,1.4124
,1.4671,11.978,98.057,1.5446,1.413
,1.4587,11.916,97.74,1.5369,1.3941
,1.4638,11.942,97.647,1.5404,1.3935
,1.4517,12.028,98.381,1.5517,1.3873
,1.4517,12.028,98.381,1.5517,1.3873
,1.4517,12.028,98.381,1.5517,1.3873
,1.4727,12.038,98.675,1.5529,1.4055
,1.4712,12.069,98.631,1.5572,1.4116
,1.4818,12.112,99.108,1.5627,1.4194
,1.4908,12.065,98.864,1.5567,1.4325
,1.4938,12.086,98.978,1.5594,1.432
,1.4938,12.086,98.978,1.5594,1.432
,1.4938,12.086,98.978,1.5594,1.432
,1.4981,12.067,99.094,1.5567,1.4345
,1.4942,12.055,98.934,1.5553,1.4312
,1.5013,12.102,99.372,1.5614,1.4323
,1.493,12.103,99.571,1.5615,1.4196
,1.4871,11.995,99.223,1.5475,1.4146
,1.4871,11.995,99.223,1.5475,1.4146
,1.4871,11.995,99.223,1.5475,1.4146
,1.4866,12.026,99.564,1.5516,1.4031
,1.5068,12.08,99.613,1.5585,1.4136
,1.506,12.122,99.939,1.5639,1.4178
,1.5168,12.114,100.08,1.5628,1.4265
,1.5005,12.077,99.898,1.5576,1.4203
,1.5005,12.077,99.898,1.5576,1.4203
,1.5005,12.077,99.898,1.5576,1.4203
,1.508,12.081,99.793,1.5582,1.4229
,1.5141,12.107,99.545,1.5614,1.423
,1.5307,12.119,99.648,1.563,1.4362
,1.5274,12.033,98.957,1.5519,1.4257
,1.5229,12.028,99.021,1.5517,1.4182
,1.5229,12.028,99.021,1.5517,1.4182
,1.5229,12.028,99.021,1.5517,1.4182
,1.5274,12.016,99,1.55,1.4142
,1.532,12.097,100.14,1.5597,1.4108
,1.5197,12.1,100.98,1.5604,1.3988
,1.5267,12.119,101.97,1.5633,1.4073
,1.522,12.126,101.64,1.5635,1.3996
,1.522,12.126,101.64,1.5635,1.3996
,1.522,12.126,101.64,1.5635,1.3996
,1.5258,12.115,102.04,1.5623,1.4075
,1.5334,12.179,102.58,1.5706,1.4201
,1.5257,12.143,102.24,1.5663,1.4186
,1.5091,12.146,102.7,1.5667,1.401
,1.4956,12.148,103.29,1.5672,1.3893
,1.4956,12.148,103.29,1.5672,1.3893
,1.4956,12.148,103.29,1.5672,1.3893
,1.4759,12.207,105.13,1.5745,1.3695
,1.4861,12.233,104.32,1.5783,1.3717
,1.4736,12.084,103.19,1.5589,1.3672
,1.4731,11.96,101.92,1.5432,1.3676
,1.4762,11.928,101.83,1.5391,1.3659
,1.4762,11.928,101.83,1.5391,1.3659
,1.4762,11.928,101.83,1.5391,1.3659
,1.4879,11.947,102.36,1.5415,1.3745
,1.4772,11.883,101.67,1.5333,1.3646
,1.4747,11.837,101.1,1.5273,1.357
,1.4844,11.848,101.27,1.5288,1.3615
,1.4817,11.801,101.25,1.5226,1.3671
,1.4817,11.801,101.25,1.5226,1.3671
,1.4817,11.801,101.25,1.5226,1.3671
,1.4885,11.827,102.03,1.5261,1.3692
,1.5075,11.943,102.47,1.5409,1.3805
,1.5023,11.906,102.02,1.5362,1.3791
,1.5034,11.931,102.27,1.5395,1.3764
,1.5099,11.953,102.51,1.5423,1.3687
,1.5099,11.953,102.51,1.5423,1.3687
,1.5099,11.953,102.51,1.5423,1.3687
,1.497,11.946,102.29,1.5415,1.3635
,1.4935,11.943,102.26,1.541,1.3613
,1.506,11.976,102.69,1.5452,1.3762
,1.5028,12.032,102.85,1.5525,1.3724
,1.4953,12.126,102.76,1.5647,1.3702
,1.4953,12.126,102.76,1.5647,1.3702
,1.4953,12.126,102.76,1.5647,1.3702
,1.5057,12.038,102.07,1.5532,1.3806
,1.5035,11.969,101.77,1.5444,1.3845
,1.4913,11.842,100.82,1.528,1.3704
,1.4794,11.794,100.8,1.5217,1.3537
,1.4865,11.762,100.4,1.5177,1.361
,1.4865,11.762,100.4,1.5177,1.361
,1.4865,11.762,100.4,1.5177,1.361
,1.4882,11.775,100.43,1.5193,1.3602
,1.4749,11.748,100.04,1.5159,1.353
,1.478,11.757,99.5,1.517,1.3541
,1.48,11.733,99.18,1.5139,1.3574
,1.4845,11.755,99.364,1.5167,1.3591
,1.4845,11.755,99.364,1.5167,1.3591
,1.4845,11.755,99.364,1.5167,1.3591
,1.4777,11.764,99.123,1.518,1.351
,1.478,11.757,99.183,1.517,1.3515
,1.4789,11.866,99.367,1.5311,1.3591
,1.4845,11.841,99.456,1.5278,1.3576
,1.4741,11.888,99.4,1.534,1.3501
,1.4741,11.888,99.4,1.534,1.3501
,1.4741,11.888,99.4,1.534,1.3501
,1.4766,11.909,99.504,1.5367,1.3512
,1.4586,11.785,99.12,1.5206,1.3369
,1.4695,11.921,99.955,1.5382,1.3481
,1.4699,11.985,100.25,1.5464,1.3519
,1.4694,11.969,100.18,1.5443,1.3594
,1.4694,11.969,100.18,1.5443,1.3594
,1.4694,11.969,100.18,1.5443,1.3594
,1.4807,12.004,100.37,1.5489,1.3667
,1.4721,11.989,100.64,1.5469,1.3602
,1.4783,11.974,100.62,1.545,1.3607
,1.4884,11.988,100.73,1.5468,1.3672
,1.5,11.938,99.863,1.5404,1.3898
,1.5,11.938,99.863,1.5404,1.3898
,1.5,11.938,99.863,1.5404,1.3898
,1.5065,11.878,99.483,1.5327,1.392
,1.5082,11.883,99.607,1.5333,1.3862
,1.5037,11.853,99.412,1.5294,1.3797
,1.514,11.819,99.683,1.525,1.3953
,1.5177,11.888,100.27,1.534,1.3924
,1.5177,11.888,100.27,1.534,1.3924
,1.5177,11.888,100.27,1.534,1.3924
,1.5262,11.988,101.45,1.5468,1.4021
,1.5241,11.928,101.16,1.5391,1.4022
,1.5242,11.946,100.94,1.5414,1.4096
,1.5202,11.837,100.63,1.5272,1.4033
,1.5091,11.734,99.761,1.5138,1.3934
,1.5091,11.734,99.761,1.5138,1.3934
,1.5091,11.734,99.761,1.5138,1.3934
,1.5145,11.699,100.23,1.509,1.4004
,1.5196,11.72,100.2,1.512,1.4116
,1.5273,11.765,100.54,1.5178,1.4164
,1.5245,11.768,100.69,1.5184,1.4156
,1.5255,11.8,100.7,1.5224,1.4143
,1.5255,11.8,100.7,1.5224,1.4143
,1.5255,11.8,100.7,1.5224,1.4143
,1.5289,11.775,100.26,1.5193,1.4168
,1.54,11.786,100.37,1.5206,1.4251
,1.5463,11.795,100.77,1.5218,1.4267
,1.5566,11.836,101.14,1.5272,1.429
,1.5469,11.816,100.93,1.5247,1.4265
,1.5469,11.816,100.93,1.5247,1.4265
,1.5469,11.816,100.93,1.5247,1.4265
,1.5442,11.728,100.46,1.5133,1.4235
,1.5338,11.689,100.05,1.5082,1.416
,1.5419,11.692,100.01,1.5085,1.425
,1.5464,11.703,100.51,1.51,1.4229
,1.5507,11.666,100.5,1.5052,1.4227
,1.5507,11.666,100.5,1.5052,1.4227
,1.5507,11.666,100.5,1.5052,1.4227
,1.547,11.633,100.07,1.501,1.4188
,1.5503,11.68,100.22,1.5065,1.4213
,1.5413,11.651,100.04,1.5033,1.4166
,1.522,11.612,99.88,1.4983,1.4041
,1.5112,11.733,101.1,1.514,1.3887
,1.5112,11.733,101.1,1.514,1.3887
,1.5112,11.733,101.1,1.514,1.3887
,1.509,11.672,100.51,1.5061,1.3933
,1.4881,11.592,99.969,1.4957,1.3753
,1.4936,11.694,100.85,1.5089,1.3791
,1.4936,11.723,100.96,1.5125,1.3822
,1.4976,11.748,101.57,1.5158,1.3843
,1.4976,11.748,101.57,1.5158,1.3843
,1.4976,11.748,101.57,1.5158,1.3843
,1.4836,11.725,101.58,1.5128,1.3774
,1.4935,11.745,101.37,1.5154,1.3789
,1.4862,11.634,100.14,1.5012,1.3731
,1.4873,11.568,98.871,1.492,1.3763
,1.4818,11.56,99.022,1.4912,1.3762
,1.4818,11.56,99.022,1.4912,1.3762
,1.4818,11.56,99.022,1.4912,1.3762
,1.4803,11.543,98.767,1.4893,1.3701
,1.4694,11.534,98.543,1.4876,1.3583
,1.475,11.543,98.601,1.4892,1.3643
,1.4718,11.557,98.72,1.491,1.362
,1.4718,11.557,98.72,1.491,1.362
,1.4718,11.557,98.72,1.491,1.362
,1.4718,11.557,98.72,1.491,1.362
,1.4739,11.553,98.54,1.4907,1.3599
,1.4656,11.47,98.163,1.4799,1.3513
,1.4653,11.475,98.287,1.4805,1.355
,1.4763,11.496,98.129,1.4833,1.3625
,1.4763,11.496,98.129,1.4833,1.3625
,1.4763,11.496,98.129,1.4833,1.3625
,1.4763,11.496,98.129,1.4833,1.3625
,1.4755,11.443,98.384,1.4765,1.3548
,1.4811,11.374,97.705,1.4673,1.3655
,1.4769,11.339,97.8,1.4627,1.3617
,1.4589,11.303,97.527,1.4579,1.3415
,1.4573,11.314,97.184,1.4575,1.3419
,1.4573,11.314,97.184,1.4575,1.3419
,1.4573,11.314,97.184,1.4575,1.3419
,1.4541,11.307,97.371,1.4575,1.3386
,1.4458,11.201,96.511,1.4433,1.3319
,1.4564,11.187,96.403,1.4417,1.333
,1.4464,11.198,97.026,1.4389,1.321
,1.4381,11.17,97.158,1.4332,1.3132
,1.4381,11.17,97.158,1.4332,1.3132
,1.4381,11.17,97.158,1.4332,1.3132
,1.4353,11.138,96.674,1.4282,1.3113
,1.4282,11.094,96.091,1.4212,1.3077
,1.4197,11.086,96.315,1.4165,1.2987
,1.4186,11.036,95.966,1.4113,1.2956
,1.4511,11.159,96.867,1.4323,1.3252
,1.4511,11.159,96.867,1.4323,1.3252
,1.4511,11.159,96.867,1.4323,1.3252
,1.447,11.109,96.584,1.4251,1.3177
,1.4466,11.104,96.695,1.4241,1.3141
,1.457,11.171,97.535,1.4333,1.3164
,1.45,11.145,97.583,1.4303,1.3119
,1.4584,11.137,96.982,1.4291,1.3087
,1.4584,11.137,96.982,1.4291,1.3087
,1.4584,11.137,96.982,1.4291,1.3087
,1.4581,11.129,97.122,1.4302,1.3141
,1.4694,11.204,97.855,1.4394,1.3182
,1.4755,11.319,98.752,1.4513,1.3275
,1.4582,11.395,99.04,1.463,1.3056
,1.4422,11.332,98.455,1.4553,1.2991
,1.4422,11.332,98.455,1.4553,1.2991
,1.4422,11.332,98.455,1.4553,1.2991
,1.4307,11.196,97.779,1.4372,1.2947
,1.4109,11.237,98.088,1.4415,1.283
,1.4173,11.339,98.78,1.4557,1.2932
,1.4004,11.228,98.622,1.4411,1.27
,1.4136,11.297,98.98,1.4504,1.2864
,1.4136,11.297,98.98,1.4504,1.2864
,1.4136,11.297,98.98,1.4504,1.2864
,1.426,11.274,98.581,1.4482,1.2953
,1.4202,11.208,98.477,1.4393,1.289
,1.4176,11.147,98.002,1.4307,1.2848
,1.4296,11.177,98.448,1.4368,1.2963
,1.4176,11.101,97.757,1.4278,1.2868
,1.4176,11.101,97.757,1.4278,1.2868
,1.4176,11.101,97.757,1.4278,1.2868
,1.4069,10.95,96.615,1.4092,1.2781
,1.4004,10.961,96.693,1.4108,1.2823
,1.3827,10.811,95.38,1.3911,1.2669
,1.3856,10.856,96.235,1.3972,1.2671
,1.3879,10.859,96.007,1.3977,1.2699
,1.3879,10.859,96.007,1.3977,1.2699
,1.3879,10.859,96.007,1.3977,1.2699
,1.3889,10.773,94.658,1.3856,1.2726
,1.3959,10.866,94.82,1.3974,1.2853
,1.401,10.903,94.705,1.4024,1.2918
,1.3999,10.945,94.707,1.4078,1.2914
,1.4065,10.995,94.977,1.4158,1.2906
,1.4065,10.995,94.977,1.4158,1.2906
,1.4065,10.995,94.977,1.4158,1.2906
,1.4156,10.987,94.892,1.4144,1.2914
,1.4112,11.037,95.643,1.421,1.2885
,1.4232,11.048,95.526,1.4226,1.2964
,1.4259,10.987,94.704,1.415,1.3033
,1.4109,11.092,95.776,1.4292,1.2887
,1.4109,11.092,95.776,1.4292,1.2887
,1.4109,11.092,95.776,1.4292,1.2887
,1.4167,11.14,96.303,1.436,1.2915
,1.3979,11.001,95.495,1.4177,1.2762
,1.3921,10.908,94.486,1.4053,1.2702
,1.4011,11.218,96.37,1.4461,1.2785
,1.4025,11.234,96.028,1.4487,1.2844
,1.4025,11.234,96.028,1.4487,1.2844
,1.4025,11.234,96.028,1.4487,1.2844
,1.3941,11.163,95.773,1.4394,1.2771
,1.3818,11.035,94.886,1.423,1.2692
,1.3792,10.968,94.47,1.4143,1.2661
,1.3777,10.964,94.478,1.413,1.2668
,1.3777,10.964,94.478,1.413,1.2668
,1.3777,10.964,94.478,1.413,1.2668
,1.3777,10.964,94.478,1.413,1.2668
,1.3777,10.964,94.478,1.413,1.2668
,1.3913,11.069,94.932,1.4269,1.2747
,1.3888,11.175,95.668,1.4411,1.2726
,1.381,11.153,95.294,1.4383,1.2633
,1.3701,11.097,94.947,1.431,1.2517
,1.3701,11.097,94.947,1.431,1.2517
,1.3701,11.097,94.947,1.431,1.2517
,1.3694,11.068,94.343,1.4272,1.2541
,1.3588,10.999,94.241,1.418,1.2475
,1.3473,10.881,93.528,1.4028,1.2375
,1.3482,10.922,93.788,1.4077,1.2387
,1.347,10.921,93.741,1.4075,1.2387
,1.347,10.921,93.741,1.4075,1.2387
,1.347,10.921,93.741,1.4075,1.2387
,1.3586,11.032,94.561,1.4227,1.2491
,1.362,11.069,94.775,1.4274,1.2525
,1.3714,11.039,94.786,1.4231,1.2596
,1.3673,10.971,94.099,1.4143,1.2569
,1.3722,10.999,94.43,1.418,1.2567
,1.3722,10.999,94.43,1.418,1.2567
,1.3722,10.999,94.43,1.418,1.2567
,1.3683,10.991,94.352,1.4171,1.2534
,1.383,11.139,95.588,1.4363,1.2662
,1.3829,11.16,95.23,1.4386,1.2642
,1.3964,11.194,95.637,1.4429,1.2708
,1.4031,11.153,95.669,1.4378,1.2766
,1.4031,11.153,95.669,1.4378,1.2766
,1.4031,11.153,95.669,1.4378,1.2766
,1.4133,11.254,96.624,1.4508,1.288
,1.4197,11.299,96.973,1.4567,1.2906
,1.4196,11.316,96.97,1.4589,1.2907
,1.4099,11.32,97.036,1.4592,1.2847
,1.4078,11.338,97.018,1.4615,1.2816
,1.4078,11.338,97.018,1.4615,1.2816
,1.4078,11.338,97.018,1.4615,1.2816
,1.4057,11.396,97.534,1.4688,1.278
,1.3877,11.348,97.105,1.4625,1.2642
,1.3865,11.263,96.629,1.4511,1.2613
,1.3972,11.257,96.468,1.4505,1.2681
,1.4039,11.246,96.564,1.4492,1.2682
,1.4039,11.246,96.564,1.4492,1.2682
,1.4039,11.246,96.564,1.4492,1.2682
,1.3991,11.197,96.073,1.4424,1.2659
,1.4067,11.211,96.297,1.4443,1.2697
,1.4057,11.214,96.245,1.4449,1.2665
,1.4024,11.203,96.249,1.4437,1.2676
,1.3997,11.186,96.222,1.4409,1.2697
,1.3997,11.186,96.222,1.4409,1.2697
,1.3997,11.186,96.222,1.4409,1.2697
,1.4034,11.156,96.058,1.4371,1.269
,1.4178,11.241,96.774,1.4482,1.2796
,1.4307,11.302,97.498,1.4556,1.2906
,1.4479,11.356,98.638,1.462,1.3057
,1.4444,11.316,98.298,1.4569,1.2986
,1.4444,11.316,98.298,1.4569,1.2986
,1.4444,11.316,98.298,1.4569,1.2986
,1.434,11.247,97.783,1.4482,1.2913
,1.448,11.337,98.778,1.4596,1.307
,1.4553,11.397,98.913,1.468,1.3171
,1.4578,11.416,98.612,1.4701,1.3163
,1.4516,11.376,98.193,1.4648,1.3116
,1.4516,11.376,98.193,1.4648,1.3116
,1.4516,11.376,98.193,1.4648,1.3116
,1.4526,11.368,98.242,1.4633,1.3136
,1.4496,11.372,98.38,1.4641,1.3126
,1.4291,11.223,97.44,1.4445,1.2927
,1.4304,11.241,97.365,1.4467,1.2931
,1.4298,11.216,97.058,1.4432,1.2939
,1.4298,11.216,97.058,1.4432,1.2939
,1.4298,11.216,97.058,1.4432,1.2939
,1.4038,11.198,96.544,1.4417,1.2703
,1.4097,11.318,97.253,1.4571,1.284
,1.402,11.318,97.019,1.4578,1.2813
,1.3917,11.225,96.5,1.4461,1.2749
,1.387,11.18,96.228,1.4404,1.2742
,1.387,11.18,96.228,1.4404,1.2742
,1.387,11.18,96.228,1.4404,1.2742
,1.3693,11,95.092,1.4171,1.2576
,1.3629,10.961,95.064,1.4123,1.2582
,1.3665,11.011,95.211,1.4187,1.2633
,1.368,10.972,95.151,1.4138,1.2653
,1.3734,11.088,95.845,1.4287,1.2695
,1.3734,11.088,95.845,1.4287,1.2695
,1.3734,11.088,95.845,1.4287,1.2695
,1.4067,11.365,98.647,1.4646,1.2924
,1.4136,11.436,99.602,1.474,1.3028
,1.4103,11.397,99.17,1.4693,1.3022
,1.4199,11.535,100.07,1.4869,1.3056
,1.3385,10.636,93.194,1.3704,1.2384
,1.3385,10.636,93.194,1.3704,1.2384
,1.3385,10.636,93.194,1.3704,1.2384
,1.2873,10.231,89.612,1.3187,1.199
,1.311,10.387,90.918,1.3386,1.2089
,1.3148,10.423,90.817,1.3434,1.2114
,1.3148,10.422,90.696,1.3433,1.2099
,1.2925,10.306,89.431,1.3283,1.1929
,1.2925,10.306,89.431,1.3283,1.1929
,1.2925,10.306,89.431,1.3283,1.1929
,1.2918,10.3,89.275,1.3275,1.1918
,1.275,10.174,88.478,1.3113,1.1765
,1.2686,10.069,87.489,1.2977,1.1723
,1.2717,10.104,87.8,1.3022,1.1753
,1.2734,10.073,87.413,1.2986,1.1731
,1.2734,10.073,87.413,1.2986,1.1731
,1.2734,10.073,87.413,1.2986,1.1731
,1.277,10.075,87.179,1.2984,1.1751
,1.2939,10.211,88.309,1.3162,1.1866
,1.3081,10.299,88.99,1.3276,1.1991
,1.3084,10.387,89.537,1.3392,1.2003
,1.3088,10.361,89.565,1.3363,1.2008
,1.3088,10.361,89.565,1.3363,1.2008
,1.3088,10.361,89.565,1.3363,1.2008
,1.3037,10.281,89.09,1.3257,1.1994
,1.2957,10.195,88.246,1.3145,1.1912
,1.3016,10.215,88.526,1.3173,1.1961
,1.3006,10.219,88.567,1.3177,1.1962
,1.2912,10.156,87.837,1.3095,1.1889
,1.2912,10.156,87.837,1.3095,1.1889
,1.2912,10.156,87.837,1.3095,1.1889
,1.2954,10.182,88.398,1.3125,1.1952
,1.2985,10.19,88.451,1.3137,1.1946
,1.3029,10.164,88.072,1.3104,1.1923
,1.2933,10.214,88.286,1.3168,1.1874
,1.2823,10.214,88.16,1.3167,1.1848
,1.2823,10.214,88.16,1.3167,1.1848
,1.2823,10.214,88.16,1.3167,1.1848
,1.2783,10.246,88.081,1.3206,1.1829
,1.2822,10.303,88.57,1.3276,1.1861
,1.2925,10.356,89.289,1.3348,1.1918
,1.2806,10.211,88.028,1.3163,1.182
,1.2796,10.202,87.834,1.3154,1.1791
,1.2796,10.202,87.834,1.3154,1.1791
,1.2796,10.202,87.834,1.3154,1.1791
,1.281,10.123,87.223,1.305,1.1771
,1.2762,10.065,86.768,1.2972,1.171
,1.2769,10.141,87.129,1.3074,1.169
,1.2621,10.054,86.655,1.2963,1.1623
,1.2653,10.058,86.702,1.2967,1.1621
,1.2653,10.058,86.702,1.2967,1.1621
,1.2653,10.058,86.702,1.2967,1.1621
,1.2567,10.006,86.272,1.2898,1.1537
,1.2462,10.062,86.619,1.2974,1.1486
,1.2538,10.094,87.027,1.3015,1.1542
,1.2609,10.199,87.871,1.3153,1.1618
,1.254,10.148,87.922,1.3088,1.1556
,1.254,10.148,87.922,1.3088,1.1556
,1.254,10.148,87.922,1.3088,1.1556
,1.2623,10.164,88.117,1.311,1.1596
,1.2671,10.223,88.435,1.3186,1.1629
,1.2793,10.263,88.837,1.3236,1.1747
,1.2744,10.232,88.463,1.3194,1.1686
,1.2795,10.246,88.528,1.3212,1.1703
,1.2795,10.246,88.528,1.3212,1.1703
,1.2795,10.246,88.528,1.3212,1.1703
,1.2795,10.136,87.783,1.3068,1.1699
,1.2858,10.172,87.907,1.3113,1.1741
,1.292,10.183,87.914,1.3126,1.1792
,1.3061,10.287,88.796,1.3261,1.1898
,1.3006,10.303,88.728,1.3284,1.1868
,1.3006,10.303,88.728,1.3284,1.1868
,1.3006,10.303,88.728,1.3284,1.1868
,1.3061,10.344,88.639,1.3338,1.1956
,1.3076,10.36,88.822,1.3358,1.1971
,1.297,10.378,88.802,1.3382,1.1909
,1.291,10.361,88.674,1.3359,1.1826
,1.2972,10.335,88.937,1.3326,1.1826
,1.2972,10.335,88.937,1.3326,1.1826
,1.2972,10.335,88.937,1.3326,1.1826
,1.2945,10.31,88.914,1.3289,1.1838
,1.2889,10.294,88.762,1.3269,1.1798
,1.2865,10.23,88.238,1.3186,1.1754
,1.2842,10.248,88.393,1.3209,1.1737
,1.2841,10.223,88.303,1.3176,1.1737
,1.2841,10.223,88.303,1.3176,1.1737
,1.2841,10.223,88.303,1.3176,1.1737
,1.2813,10.131,87.466,1.3058,1.1696
